timestamp,vibration
0.0,0.028094842534504335
8.333333333333333e-05,0.7248589319040535
0.00016666666666666666,0.33532770863331796
0.00025,-0.4256196570136723
0.0003333333333333333,-0.45862009693587297
0.00041666666666666664,0.13770606931039997
0.0005,0.616088755148389
0.0005833333333333333,0.1861560524276663
0.0006666666666666666,-0.33417765408308453
0.00075,-0.15288452016194293
0.0008333333333333333,0.18074659857933367
0.0009166666666666666,0.4595426297530154
0.001,0.012672276085914907
0.0010833333333333333,-0.14979439455211452
0.0011666666666666665,-0.11996680188012629
0.00125,0.14635245477672504
0.0013333333333333333,0.2906188306684411
0.0014166666666666666,-0.04722144791866924
0.0015,-0.09620988875111038
0.0015833333333333333,0.04202216661028138
0.0016666666666666666,0.17888497781452065
0.00175,0.1934036786603172
0.0018333333333333333,0.012415845164448786
0.0019166666666666666,0.009245739390635721
0.002,0.04092085029541099
0.0020833333333333333,0.09176853185071614
0.0021666666666666666,0.19124243578854616
0.00225,0.022689263883989855
0.002333333333333333,0.01646511671189392
0.002416666666666667,0.12103477968901696
0.0025,0.15156211292321428
0.0025833333333333333,0.06635951719064662
0.0026666666666666666,0.035783134622005504
0.00275,0.1021605217326624
0.002833333333333333,0.16661771564719416
0.0029166666666666664,0.21919434073662214
0.003,0.10611362189550946
0.0030833333333333333,0.011184036869994071
0.0031666666666666666,0.1126330764595086
0.00325,0.1451514597702591
0.003333333333333333,0.1410637908371033
0.0034166666666666664,0.2318359422350664
0.0035,0.15039471514529806
0.0035833333333333333,0.12430596758625315
0.0036666666666666666,0.13901533878360328
0.00375,0.19945212097129558
0.003833333333333333,0.18175907144651188
0.003916666666666666,0.14822392804136045
0.004,0.14880228772421367
0.004083333333333333,0.10595279182643594
0.004166666666666667,0.11438580934079096
0.0042499999999999994,0.14476267935552872
0.004333333333333333,0.12344187199125414
0.004416666666666667,0.1054508791170754
0.0045,0.21456582005502517
0.004583333333333333,0.20393933302577266
0.004666666666666666,0.15023726314260274
0.00475,0.04378492431887382
0.004833333333333334,0.19156248218515812
0.004916666666666666,0.21168312986226828
0.005,0.13225677346762782
0.005083333333333333,0.18257570132276466
0.005166666666666667,0.2048697060891177
0.0052499999999999995,0.21104290518799246
0.005333333333333333,0.16160372571567638
0.005416666666666667,0.1782247038212949
0.0055,0.22166201147730538
0.005583333333333333,0.19346838202269623
0.005666666666666666,0.29716019893990886
0.00575,0.1917783523033384
0.005833333333333333,0.1996843051860875
0.005916666666666666,0.09262561336683856
0.006,0.14481967765861717
0.006083333333333333,0.21589612137199327
0.006166666666666667,0.20489985706625694
0.0062499999999999995,0.17772574320743678
0.006333333333333333,0.8564437172096523
0.006416666666666667,0.5448759266594826
0.0065,-0.31329994322012067
0.006583333333333333,-0.37930947229817763
0.006666666666666666,0.34257614174977197
0.00675,0.6924231272149627
0.006833333333333333,0.30621036231812276
0.0069166666666666664,-0.11868616477423359
0.007,-0.03835444606427584
0.007083333333333333,0.36729139350568657
0.007166666666666667,0.5824524940042268
0.0072499999999999995,0.11822146719199011
0.007333333333333333,-0.09083035325321694
0.007416666666666666,0.002677035386942292
0.0075,0.35019232332303885
0.007583333333333333,0.39041404250760203
0.007666666666666666,0.1656863605796002
0.00775,-0.017814788018518463
0.007833333333333333,0.16462967514189486
0.007916666666666666,0.3875133477438048
0.008,0.2553181518634397
0.008083333333333333,0.20814255926774583
0.008166666666666666,-0.0097174156044314
0.00825,0.1711513274856073
0.008333333333333333,0.383498871333348
0.008416666666666666,0.18143066361506655
0.008499999999999999,0.02555529970048484
0.008583333333333333,0.10307926357532007
0.008666666666666666,0.2229553968140719
0.008749999999999999,0.17342978576466409
0.008833333333333334,0.2014085668214577
0.008916666666666666,0.1318273947225867
0.009,0.17184719121830336
0.009083333333333334,0.2542812797680927
0.009166666666666667,0.1520652577723644
0.00925,0.2539910124698359
0.009333333333333332,0.12995271697348068
0.009416666666666667,0.09254540620564035
0.0095,0.2686301965899836
0.009583333333333333,0.2235148337821191
0.009666666666666667,0.1940949466924045
0.00975,0.19479562862932406
0.009833333333333333,0.24433714607311494
0.009916666666666666,0.1778245248116643
0.01,0.201064416872913
0.010083333333333333,0.1495228022908026
0.010166666666666666,0.1979301920607043
0.01025,0.23477380284892985
0.010333333333333333,0.1817734911518075
0.010416666666666666,0.1298439159887101
0.010499999999999999,0.20552933449092153
0.010583333333333333,0.2042124464224602
0.010666666666666666,0.19758874111124392
0.01075,0.14820641775726404
0.010833333333333334,0.16371184042302037
0.010916666666666667,0.2148824701257303
0.011,0.16124953658823932
0.011083333333333332,0.20260976861513363
0.011166666666666667,0.20918946526366192
0.01125,0.2541015906082664
0.011333333333333332,0.14533891742675725
0.011416666666666667,0.16880597420474683
0.0115,0.23888058465066345
0.011583333333333333,0.14541996154337
0.011666666666666665,0.21321940983584772
0.01175,0.1588652990580895
0.011833333333333333,0.1504813587415942
0.011916666666666666,0.1510095017604636
0.012,0.14325710051001808
0.012083333333333333,0.14891504566361743
0.012166666666666666,0.12197188492690829
0.012249999999999999,0.19262086795394093
0.012333333333333333,0.13417360078614438
0.012416666666666666,0.15434307346681297
0.012499999999999999,0.13812304763941607
0.012583333333333334,0.8662984711419859
0.012666666666666666,0.5270610298935618
0.01275,-0.36911237572138356
0.012833333333333334,-0.31203989781418046
0.012916666666666667,0.2672199082093025
0.013,0.5824115188278127
0.013083333333333332,0.19560744752382603
0.013166666666666667,-0.3051725987418539
0.01325,-0.08452985644104875
0.013333333333333332,0.23971496375050524
0.013416666666666667,0.4022639266087291
0.0135,0.11645801671428543
0.013583333333333333,-0.11103159914160199
0.013666666666666666,0.08541377574888577
0.01375,0.2561896474867707
0.013833333333333333,0.3818691522071212
0.013916666666666666,-0.014137798960494094
0.014,-0.06725863496972687
0.014083333333333333,0.06980142644173269
0.014166666666666666,0.23943937122645234
0.014249999999999999,0.16051187789030982
0.014333333333333333,0.10182282414015904
0.014416666666666666,-0.007851191299280823
0.014499999999999999,0.04722286403785266
0.014583333333333334,0.16699749066314606
0.014666666666666666,0.16561389008052077
0.01475,0.050035626676262414
0.014833333333333332,-0.02123263667887395
0.014916666666666667,0.11704897227249697
0.015,0.15208124192784486
0.015083333333333332,0.021895292853802706
0.015166666666666667,0.045373092640373036
0.01525,0.03142465636282933
0.015333333333333332,0.12456834447404486
0.015416666666666665,0.09941196356877816
0.0155,0.01077540999697113
0.015583333333333333,0.006274890429545415
0.015666666666666666,-0.03771326790907352
0.01575,0.026517838198932876
0.01583333333333333,0.04511211310731483
0.015916666666666666,0.018802636436925844
0.016,0.045792955440038405
0.01608333333333333,0.002543333269193388
0.016166666666666666,-0.054250648556553344
0.01625,0.0020234713320457717
0.01633333333333333,0.05787014117979452
0.016416666666666666,0.07170300946228089
0.0165,0.017379427609308926
0.016583333333333332,0.06321436091072086
0.016666666666666666,0.09715316943354019
0.01675,-0.08921916954056298
0.016833333333333332,-0.004701316850420322
0.016916666666666667,-0.03918922598766371
0.016999999999999998,-0.07732904516015346
0.017083333333333332,-0.12918191166390813
0.017166666666666667,-0.09005277257105399
0.017249999999999998,-0.08727958608174968
0.017333333333333333,-0.020425466363539885
0.017416666666666667,-0.04393214617814151
0.017499999999999998,-0.04714166737103172
0.017583333333333333,0.014721314359964495
0.017666666666666667,-0.028568046660986786
0.01775,-0.0806084875457737
0.017833333333333333,-0.07834247267530291
0.017916666666666668,-0.03000054142131279
0.018,-0.04045288241772428
0.018083333333333333,0.07119374745021789
0.018166666666666668,0.008142199198836492
0.01825,-0.03811858055404496
0.018333333333333333,-0.05874449162606377
0.018416666666666665,-0.09902823704950825
0.0185,0.006615166521859214
0.018583333333333334,-0.06682392280589317
0.018666666666666665,0.0026834628424055734
0.01875,-0.04549872718783049
0.018833333333333334,0.591864906429784
0.018916666666666665,0.19374287428187212
0.019,-0.5318369409284649
0.019083333333333334,-0.5485397374135993
0.019166666666666665,-0.021049183374815275
0.01925,0.3588568198294977
0.019333333333333334,0.0666808040582455
0.019416666666666665,-0.4628615288501693
0.0195,-0.40047160439898705
0.01958333333333333,0.059529480251217605
0.019666666666666666,0.22600645357152976
0.01975,-0.06321931750215212
0.01983333333333333,-0.32117096316251914
0.019916666666666666,-0.23205514182854026
0.02,0.011133249326845465
0.02008333333333333,0.07777807772874708
0.020166666666666666,-0.18107356870601055
0.02025,-0.31811757100858135
0.02033333333333333,-0.09460916264529058
0.020416666666666666,0.006570705459224244
0.0205,0.014209141115160515
0.020583333333333332,-0.27439635144476493
0.020666666666666667,-0.22461130778367372
0.020749999999999998,-0.03533475518853807
0.020833333333333332,-0.11709844660292067
0.020916666666666667,-0.15227145435548955
0.020999999999999998,-0.23565930050960104
0.021083333333333332,-0.28312701048003197
0.021166666666666667,-0.10686111904711904
0.021249999999999998,-0.07776286249647997
0.021333333333333333,-0.12747251082814492
0.021416666666666667,-0.23042714963410257
0.0215,-0.20702457887863635
0.021583333333333333,-0.13180207902283683
0.021666666666666667,-0.15983256885682884
0.02175,-0.11268262951941313
0.021833333333333333,-0.2204887390897029
0.021916666666666668,-0.1782091397217694
0.022,-0.1968488227574503
0.022083333333333333,-0.13788312936140903
0.022166666666666664,-0.19684727910213692
0.02225,-0.17976551083433903
0.022333333333333334,-0.0727584446746874
0.022416666666666665,-0.14562785933651298
0.0225,-0.23254646339209656
0.022583333333333334,-0.16201028325854677
0.022666666666666665,-0.1974872165010564
0.02275,-0.17998034712053154
0.022833333333333334,-0.20051470592147796
0.022916666666666665,-0.2315591282023692
0.023,-0.12014664370574973
0.023083333333333334,-0.18182680830684225
0.023166666666666665,-0.14216365311075563
0.02325,-0.1571909732551487
0.02333333333333333,-0.27285594091781573
0.023416666666666665,-0.1387250438268353
0.0235,-0.20578421723839033
0.02358333333333333,-0.1607365071301924
0.023666666666666666,-0.26708963992703083
0.02375,-0.24996083746278103
0.02383333333333333,-0.27051348452787083
0.023916666666666666,-0.16106269971363438
0.024,-0.21250639023242496
0.02408333333333333,-0.2178360465905658
0.024166666666666666,-0.19088385981040443
0.02425,-0.2600357526122071
0.024333333333333332,-0.11244305181492914
0.024416666666666666,-0.19380474107739712
0.024499999999999997,-0.21645854418997312
0.024583333333333332,-0.1683155911576832
0.024666666666666667,-0.20364235453614546
0.024749999999999998,-0.10895113367837878
0.024833333333333332,-0.20711436756045284
0.024916666666666667,-0.2252948002428735
0.024999999999999998,-0.19750147975204263
0.025083333333333332,0.49847489250974025
0.025166666666666667,0.15744209284402058
0.025249999999999998,-0.6351515445330892
0.025333333333333333,-0.6120857716748517
0.025416666666666667,-0.055883125950455255
0.0255,0.23934595946952827
0.025583333333333333,-0.025214867844582725
0.025666666666666667,-0.5237859334199314
0.02575,-0.5058045849883048
0.025833333333333333,-0.04170224081269605
0.025916666666666664,0.19058916087772793
0.026,-0.21238980558525433
0.026083333333333333,-0.6535030696572264
0.026166666666666664,-0.27743425303005104
0.02625,0.031681151213173
0.026333333333333334,0.04414931624657906
0.026416666666666665,-0.2641517500421325
0.0265,-0.4702234585255214
0.026583333333333334,-0.20606754750749542
0.026666666666666665,-0.02575277463921747
0.02675,-0.24993773846922757
0.026833333333333334,-0.1452406478753563
0.026916666666666665,-0.4256682602028033
0.027,-0.24706366748798514
0.02708333333333333,-0.0879290549392127
0.027166666666666665,-0.1482196062280896
0.02725,-0.262054267065778
0.02733333333333333,-0.3119014412090625
0.027416666666666666,-0.16618361979339388
0.0275,-0.15886816078552535
0.02758333333333333,-0.19459489210866457
0.027666666666666666,-0.21421022032132744
0.02775,-0.25729018170839935
0.02783333333333333,-0.027116819781923873
0.027916666666666666,-0.19955942735291873
0.028,-0.19342618548600599
0.02808333333333333,-0.14277235991977072
0.028166666666666666,-0.18696218504168752
0.028249999999999997,-0.09028665094830243
0.028333333333333332,-0.1321046758265792
0.028416666666666666,-0.23108099724720493
0.028499999999999998,-0.19906091064722148
0.028583333333333332,-0.22176183013965592
0.028666666666666667,-0.20772836914169968
0.028749999999999998,-0.14779216609958146
0.028833333333333332,-0.11651083783992107
0.028916666666666667,-0.2115340139353838
0.028999999999999998,-0.18197017263284898
0.029083333333333333,-0.03058195923161819
0.029166666666666667,-0.1349778046383863
0.029249999999999998,-0.11603725481481622
0.029333333333333333,-0.0958895045079766
0.029416666666666667,-0.12787869157460635
0.0295,-0.1907229853332434
0.029583333333333333,-0.08052935196146296
0.029666666666666664,-0.06327612880125981
0.02975,-0.13060826817319815
0.029833333333333333,-0.11257318102640923
0.029916666666666664,-0.14400965380003236
0.03,-0.12814800707392054
0.030083333333333333,-0.07117010127535554
0.030166666666666665,-0.03486628300351555
0.03025,-0.176528438251426
0.030333333333333334,-0.14037304235460146
0.030416666666666665,-0.020068972283217856
0.0305,-0.171121124831073
0.030583333333333334,-0.04280457358486804
0.030666666666666665,-0.13468644779947636
0.03075,-0.07389215320293306
0.03083333333333333,-0.06753906329689696
0.030916666666666665,-0.1797633550436623
0.031,-0.07784692053780988
0.03108333333333333,-0.12978679385470596
0.031166666666666665,-0.03612629603656557
0.03125,-0.0808191547845798
0.03133333333333333,0.719211321127202
0.03141666666666666,0.2823420542434544
0.0315,-0.5707572596546064
0.03158333333333333,-0.5436914992307335
0.03166666666666666,0.08966484128577515
0.03175,0.437283000913411
0.03183333333333333,0.0682673044034385
0.03191666666666666,-0.42909273636557843
0.032,-0.3108598592868202
0.03208333333333333,0.14882732996289105
0.03216666666666666,0.255638267285658
0.03225,-0.018164012362018672
0.03233333333333333,-0.3071968714003971
0.03241666666666666,-0.21429528100884557
0.0325,0.11875297055610856
0.03258333333333333,0.18078686509912004
0.03266666666666666,-0.06860081948202296
0.03275,-0.24872988502076582
0.03283333333333333,-0.047988825308670324
0.032916666666666664,0.11652238509905481
0.033,0.05362513983278877
0.03308333333333333,-0.049468476313951786
0.033166666666666664,-0.15372720553917713
0.03325,-0.024853904275163496
0.03333333333333333,0.10723980394086971
0.033416666666666664,0.025729593220441858
0.0335,0.01601051375032568
0.03358333333333333,0.0038771567057286
0.033666666666666664,-0.011733901831459653
0.03375,0.041673907285209096
0.03383333333333333,0.007912154465367204
0.033916666666666664,0.02955567338740756
0.033999999999999996,0.05480129409807427
0.034083333333333334,0.0038630837933169154
0.034166666666666665,0.1367660438154969
0.034249999999999996,-0.003901027926731006
0.034333333333333334,-0.05809862314221994
0.034416666666666665,0.07220243777303685
0.034499999999999996,0.07292729663767607
0.034583333333333334,0.02766000250798313
0.034666666666666665,0.06679968391318479
0.034749999999999996,0.046488848241182976
0.034833333333333334,0.09913153418007176
0.034916666666666665,0.1438808593993232
0.034999999999999996,0.13744672759519505
0.035083333333333334,0.11306329102175611
0.035166666666666666,0.03488476060854806
0.03525,0.02032036326456503
0.035333333333333335,0.10227816534314813
0.035416666666666666,0.17316404154865822
0.0355,0.11702055203689658
0.035583333333333335,0.151214027596363
0.035666666666666666,0.07141004207482317
0.03575,0.11571008101153778
0.035833333333333335,0.05290369359113933
0.035916666666666666,0.14281865945815458
0.036,0.03808675435960519
0.036083333333333335,0.1663813881236919
0.036166666666666666,0.16338604902626683
0.03625,0.1328228849779841
0.036333333333333336,0.1219421296486733
0.03641666666666667,0.12191684054284982
0.0365,0.1909817399336089
0.03658333333333333,0.09564915670987285
0.03666666666666667,0.213377269775272
0.03675,0.1645556774026528
0.03683333333333333,0.13919661398297467
0.03691666666666667,0.07573630350992008
0.037,0.08493545800532111
0.03708333333333333,0.07331674665865141
0.03716666666666667,0.1575493432329606
0.03725,0.13882759587940477
0.03733333333333333,0.08219301871497318
0.03741666666666667,0.20396869674032758
0.0375,0.07901427751027237
0.03758333333333333,0.7772238792626283
0.03766666666666667,0.5448272688480609
0.03775,-0.3391868839805199
0.03783333333333333,-0.4750955068384307
0.03791666666666667,0.17894322317287564
0.038,0.6493953085024807
0.03808333333333333,0.19860004410512797
0.03816666666666667,-0.12386224666899111
0.03825,-0.03084145565841337
0.03833333333333333,0.354629877353273
0.03841666666666667,0.46526359969315156
0.0385,0.1616360913888817
0.03858333333333333,-0.02678742625015315
0.03866666666666667,0.06948046218050842
0.03875,0.3196095470234584
0.03883333333333333,0.33800504337335885
0.03891666666666666,0.12113849284962054
0.039,0.02872122727877264
0.03908333333333333,0.09404569345650746
0.03916666666666666,0.3356184598455347
0.03925,0.23603914302589307
0.03933333333333333,0.13798596221021522
0.03941666666666666,0.055491532234579255
0.0395,0.12651741169680228
0.03958333333333333,0.21941862807433257
0.03966666666666666,0.3182224469707313
0.03975,0.11089609490251467
0.03983333333333333,0.11007309790549957
0.03991666666666666,0.1808753041756065
0.04,0.2639371434131368
0.04008333333333333,0.15410276876107454
0.04016666666666666,0.2081809860063818
0.04025,0.2642359594382201
0.04033333333333333,0.2363045801740167
0.04041666666666666,0.29539647551632636
0.0405,0.2226024010047425
0.04058333333333333,0.26736867033567613
0.04066666666666666,0.17519990584043998
0.04075,0.26363573543617186
0.04083333333333333,0.19267003127443594
0.040916666666666664,0.19490032199833832
0.041,0.08601776374853158
0.04108333333333333,0.29237022603175333
0.041166666666666664,0.2799199050744937
0.04125,0.12650172984873972
0.04133333333333333,0.17278263642339373
0.041416666666666664,0.27732111262672604
0.041499999999999995,0.13335240773696033
0.04158333333333333,0.1219409657362536
0.041666666666666664,0.30313595517793035
0.041749999999999995,0.25351988938911757
0.041833333333333333,0.12313944630528285
0.041916666666666665,0.2328144750927148
0.041999999999999996,0.23945951327920625
0.042083333333333334,0.15969836169353102
0.042166666666666665,0.16505911514515342
0.042249999999999996,0.23300125217922998
0.042333333333333334,0.19273222455689312
0.042416666666666665,0.16157223462864012
0.042499999999999996,0.21824829969764326
0.042583333333333334,0.20591952110523842
0.042666666666666665,0.18106680813162018
0.042749999999999996,0.20482909481277348
0.042833333333333334,0.2258834506654822
0.042916666666666665,0.1348771184670845
0.043,0.2117308939646195
0.043083333333333335,0.12223067878455662
0.043166666666666666,0.20533457088663912
0.04325,0.14547920466976388
0.043333333333333335,0.12254428958720359
0.043416666666666666,0.16602475343229628
0.0435,0.2028258591122624
0.043583333333333335,0.25633877393733234
0.043666666666666666,0.19819172995071085
0.04375,0.19230869024025465
0.043833333333333335,0.8414302168199422
0.043916666666666666,0.4888533797115999
0.044,-0.275006335583927
0.04408333333333333,-0.2936107951477563
0.04416666666666667,0.31760169612065897
0.04425,0.6771636831254463
0.04433333333333333,0.3077158825125143
0.04441666666666667,-0.21245091726637033
0.0445,-0.019920339904961837
0.04458333333333333,0.30085941156104923
0.04466666666666667,0.498314251008289
0.04475,0.2040851826128333
0.04483333333333333,-0.09410408057481584
0.04491666666666667,0.047667153298061204
0.045,0.287168501220942
0.04508333333333333,0.3620740830423915
0.04516666666666667,0.23204422296700328
0.04525,0.03521125145389509
0.04533333333333333,0.08934018149411907
0.04541666666666667,0.2976278035636625
0.0455,0.2163999296116804
0.04558333333333333,0.07939480784062604
0.04566666666666667,0.02922435877006746
0.04575,0.15879304495635996
0.04583333333333333,0.22512019947275463
0.04591666666666667,0.29468870350237475
0.046,0.091760875998416
0.04608333333333333,0.0689290429078615
0.04616666666666667,0.18747313850677513
0.04625,0.2932598519843965
0.04633333333333333,0.15706375566147343
0.04641666666666667,0.1130026841331149
0.0465,0.024667475034314983
0.04658333333333333,0.09085578717541815
0.04666666666666666,0.14824349211538645
0.04675,0.10407672470478121
0.04683333333333333,-0.011597945792046552
0.04691666666666666,0.10597953775327631
0.047,0.14784254298148858
0.04708333333333333,0.07120678948024589
0.04716666666666666,0.1421622778833384
0.04725,0.12598112256051114
0.04733333333333333,0.06049162161561222
0.04741666666666666,0.10903382692428598
0.0475,0.09907840529743775
0.04758333333333333,0.13374056154616135
0.04766666666666666,0.05978915440851771
0.04775,0.08159245352416121
0.04783333333333333,0.10158768798336565
0.04791666666666666,-0.025896561190137682
0.048,0.05618656453036838
0.04808333333333333,0.1729103327731012
0.04816666666666666,0.12262219021909695
0.04825,0.04220298804454741
0.04833333333333333,0.04174312389833365
0.04841666666666666,0.03984205419005998
0.0485,0.05764351868788095
0.04858333333333333,0.01210221105659303
0.048666666666666664,0.12371828697474538
0.04875,0.04883815476289594
0.04883333333333333,0.022145995752101164
0.048916666666666664,0.08339150424352698
0.048999999999999995,-0.015954059835266723
0.04908333333333333,0.033842502419456647
0.049166666666666664,0.06490028432436737
0.049249999999999995,0.09792587752252582
0.04933333333333333,0.012340238463054563
0.049416666666666664,0.05387028136802027
0.049499999999999995,-0.01892552016979112
0.04958333333333333,0.047420916550384835
0.049666666666666665,0.009766131092939464
0.049749999999999996,0.024516818253740965
0.049833333333333334,0.005086931732756669
0.049916666666666665,-0.12443617117827864
0.049999999999999996,0.007972137666917728
0.050083333333333334,0.665522986737585
0.050166666666666665,0.29733228847150694
0.050249999999999996,-0.5310063974771649
0.050333333333333334,-0.552631440643524
0.050416666666666665,0.13113307332190835
0.050499999999999996,0.44300286107817405
0.050583333333333334,0.13256450016624038
0.050666666666666665,-0.47372990574493035
0.050749999999999997,-0.2586145953491207
0.050833333333333335,0.10487723683633682
0.050916666666666666,0.3069865559329632
0.051,-0.078469274176718
0.051083333333333335,-0.3036823884085716
0.051166666666666666,-0.09592292473999925
0.05125,0.1968248376627831
0.051333333333333335,0.13575957587366666
0.051416666666666666,0.030856025779069193
0.0515,-0.20650353703635155
0.05158333333333333,-0.031200784801960327
0.051666666666666666,0.04733848728546157
0.05175,0.10713660504774497
0.05183333333333333,-0.14858375026298085
0.051916666666666667,-0.19435146050314087
0.052,-0.09064176294208026
0.05208333333333333,0.06641677947252085
0.05216666666666667,0.02342897483408137
0.05225,-0.11834545115166072
0.05233333333333333,-0.21697353441561895
0.05241666666666667,-0.10391074537360936
0.0525,0.012545175808095235
0.05258333333333333,-0.10625225669201584
0.05266666666666667,-0.08914789812525231
0.05275,-0.13536034697870888
0.05283333333333333,-0.0793850946371912
0.05291666666666667,-0.05993603622489409
0.053,-0.05962574375596571
0.05308333333333333,-0.2229218081687585
0.05316666666666667,-0.09192899646686921
0.05325,-0.018425810774822943
0.05333333333333333,-0.15467125522348665
0.05341666666666667,-0.09252486265230916
0.0535,-0.23478160139009707
0.05358333333333333,-0.15336913960311258
0.05366666666666667,-0.09941958495219808
0.05375,-0.07020332040990407
0.05383333333333333,-0.19440611488587628
0.05391666666666667,-0.20921247839036794
0.054,-0.1041680807529638
0.05408333333333333,-0.10308552537696593
0.05416666666666666,-0.19008233816119813
0.05425,-0.08309640800483029
0.05433333333333333,-0.08915718815842567
0.05441666666666666,-0.11812778029373192
0.0545,-0.18438857906117556
0.05458333333333333,-0.10971457376522527
0.05466666666666666,-0.14745355979715166
0.05475,-0.19212644570253337
0.05483333333333333,-0.131938562011451
0.05491666666666666,-0.23742299289618812
0.055,-0.2535393997080256
0.05508333333333333,-0.10480625011405467
0.05516666666666666,-0.14062579949615892
0.05525,-0.195678382146983
0.05533333333333333,-0.06403922436160356
0.05541666666666666,-0.16367694224133844
0.0555,-0.10635246611641717
0.05558333333333333,-0.1352691570306476
0.05566666666666666,-0.025394829055959883
0.05575,-0.22274908133140947
0.05583333333333333,-0.20950971423176867
0.05591666666666666,-0.0779505535014505
0.056,-0.2589176687959589
0.05608333333333333,-0.09530001130517726
0.05616666666666666,-0.05241532618996145
0.05625,-0.14921712596499534
0.05633333333333333,0.46939661538160754
0.056416666666666664,0.18672241962745492
0.056499999999999995,-0.618890574401743
0.05658333333333333,-0.7154046685940618
0.056666666666666664,-0.12007434761479559
0.056749999999999995,0.3155802424440728
0.05683333333333333,-0.07183195684105358
0.056916666666666664,-0.5559752267771688
0.056999999999999995,-0.47442244781150616
0.05708333333333333,0.01750953751382934
0.057166666666666664,0.1151003794873404
0.057249999999999995,-0.20120594918912102
0.05733333333333333,-0.42996950618701246
0.057416666666666664,-0.2956424904688726
0.057499999999999996,-0.01953136317284792
0.057583333333333334,0.06012818679885469
0.057666666666666665,-0.2114883901147904
0.057749999999999996,-0.41066005689144564
0.057833333333333334,-0.18925083055472897
0.057916666666666665,-0.03469220944663493
0.057999999999999996,-0.13516923922319746
0.058083333333333334,-0.30077499515257156
0.058166666666666665,-0.36496941310302083
0.058249999999999996,-0.1114927628165148
0.058333333333333334,-0.12539006617941545
0.058416666666666665,-0.08617019544300515
0.058499999999999996,-0.3607719361553531
0.058583333333333334,-0.2883938423394676
0.058666666666666666,-0.1082127484429596
0.05875,-0.09985698209936558
0.058833333333333335,-0.21469085796027604
0.058916666666666666,-0.2992351415264069
0.059,-0.2965772231007848
0.05908333333333333,-0.13810465945716183
0.059166666666666666,-0.26914864108965303
0.05925,-0.21295906489546346
0.05933333333333333,-0.24801498814458986
0.059416666666666666,-0.2953262981377845
0.0595,-0.23213166997891646
0.05958333333333333,-0.183536228848714
0.059666666666666666,-0.20787349290843735
0.05975,-0.22326201316022237
0.05983333333333333,-0.15038685397305152
0.05991666666666667,-0.1952787738021598
0.06,-0.2311699844254287
0.06008333333333333,-0.18298831834258572
0.06016666666666667,-0.16154913424937825
0.06025,-0.26509392729568715
0.06033333333333333,-0.19288655556004652
0.06041666666666667,-0.21060563484980552
0.0605,-0.26939604845075954
0.06058333333333333,-0.2636184063490578
0.06066666666666667,-0.25128582154164797
0.06075,-0.20581968269677509
0.06083333333333333,-0.2353919572687995
0.06091666666666667,-0.17287478517866492
0.061,-0.18471322068943116
0.06108333333333333,-0.15515028775399073
0.06116666666666667,-0.229677717473541
0.06125,-0.15735314318136479
0.06133333333333333,-0.20800535433084344
0.06141666666666667,-0.14817809979455626
0.0615,-0.22523399664442637
0.06158333333333333,-0.1258502850074777
0.06166666666666666,-0.18773154469571499
0.06175,-0.11785873305873557
0.06183333333333333,-0.1704666343304113
0.06191666666666666,-0.10025401459241773
0.062,-0.178225020725214
0.06208333333333333,-0.0595123186784457
0.06216666666666666,-0.18127356781207266
0.06225,-0.1373460489317826
0.06233333333333333,-0.17754175393920085
0.06241666666666666,-0.10778459912382855
0.0625,-0.16453467448490613
0.06258333333333334,0.623826408089544
0.06266666666666666,0.15048136988533747
0.06275,-0.7165336245237506
0.06283333333333332,-0.6137822192386317
0.06291666666666666,-0.03322630117607267
0.063,0.3183618096693064
0.06308333333333332,-0.01259340980605628
0.06316666666666666,-0.5304003726896958
0.06325,-0.35174842826669617
0.06333333333333332,0.02550672691351916
0.06341666666666666,0.1706104016690535
0.0635,-0.12924983786086963
0.06358333333333333,-0.4338334675875546
0.06366666666666666,-0.1818888760363505
0.06375,0.09252665157745615
0.06383333333333333,0.12708770538947597
0.06391666666666666,-0.14751019293136328
0.064,-0.3525667209494853
0.06408333333333333,-0.05306428613972822
0.06416666666666666,-0.0020651414037166638
0.06425,0.06319997059650065
0.06433333333333333,-0.11592263770913167
0.06441666666666666,-0.31131232646665796
0.0645,-0.11052188677765618
0.06458333333333333,0.006625144028710008
0.06466666666666666,-0.05312365215187745
0.06475,-0.17944120216646262
0.06483333333333333,-0.1092401146071524
0.06491666666666666,-0.056030964538310496
0.065,-0.03562518947274907
0.06508333333333333,-0.05990598243564507
0.06516666666666666,-0.10912712305945065
0.06525,-0.16979529465877874
0.06533333333333333,0.024589128655628425
0.06541666666666666,-0.07965612132035371
0.0655,-0.0020356604689219654
0.06558333333333333,-0.08857525090985074
0.06566666666666666,0.002102948635049409
0.06575,-0.04190471398880516
0.06583333333333333,0.011818657709040087
0.06591666666666667,-0.07219654276649264
0.066,0.002233959074157993
0.06608333333333333,-0.02414384297722881
0.06616666666666667,0.032231371690058325
0.06625,-0.0524665616300598
0.06633333333333333,-0.0033234685055587437
0.06641666666666667,0.026332158155637483
0.0665,-0.050822610889405796
0.06658333333333333,-0.03684610557164854
0.06666666666666667,0.0004771428914220843
0.06675,-0.04749908466649492
0.06683333333333333,-0.007272878907230415
0.06691666666666667,0.07704790399219993
0.067,-0.04004899448273778
0.06708333333333333,-0.012762877494903912
0.06716666666666667,0.05677960623802451
0.06725,-0.04313268045440539
0.06733333333333333,0.04458901550704894
0.06741666666666667,-0.03190038936277709
0.0675,0.0088171710448142
0.06758333333333333,0.022269476669015076
0.06766666666666667,0.03444567807535766
0.06775,0.08159904065177262
0.06783333333333333,0.045352632134008315
0.06791666666666667,-0.015585485878965681
0.06799999999999999,-0.06299995240348168
0.06808333333333333,0.03507968065133309
0.06816666666666667,-0.029999572888607273
0.06824999999999999,0.07173538774800561
0.06833333333333333,0.01693720500868052
0.06841666666666667,0.06425763928061137
0.06849999999999999,0.1497753414325045
0.06858333333333333,0.0988502448705707
0.06866666666666667,0.17041594307019425
0.06874999999999999,0.062374485851411386
0.06883333333333333,0.8760128776061991
0.06891666666666667,0.36147143477047083
0.06899999999999999,-0.4625560465066154
0.06908333333333333,-0.4816813883615527
0.06916666666666667,0.198286631724481
0.06924999999999999,0.5931830338119543
0.06933333333333333,0.18442473132481046
0.06941666666666667,-0.38627360495676005
0.06949999999999999,-0.19854226701458283
0.06958333333333333,0.2885857769257627
0.06966666666666667,0.3961892564201605
0.06974999999999999,0.053139605068692294
0.06983333333333333,-0.21928535155985587
0.06991666666666667,0.027457535407209882
0.06999999999999999,0.20865156279776964
0.07008333333333333,0.3316274630587565
0.07016666666666667,0.052689120195387004
0.07024999999999999,-0.06244314464331954
0.07033333333333333,0.06055561004340483
0.07041666666666667,0.23458674562105067
0.0705,0.2274523438274952
0.07058333333333333,0.1288846086958772
0.07066666666666667,0.003443346195124812
0.07075,0.1939141812822998
0.07083333333333333,0.24350890074659548
0.07091666666666667,0.17597523604137494
0.071,0.0680070546596831
0.07108333333333333,0.09561616071871053
0.07116666666666667,0.16192340236005986
0.07125,0.1903160123120432
0.07133333333333333,0.12588610836133046
0.07141666666666667,0.0837734044762074
0.0715,0.11103276119718399
0.07158333333333333,0.18010092328602617
0.07166666666666667,0.23465653905905165
0.07175,0.09856471431391181
0.07183333333333333,0.13997494228605042
0.07191666666666667,0.022793968911122536
0.072,0.23655188810210706
0.07208333333333333,0.22610526175333404
0.07216666666666667,0.09561215738112808
0.07225,0.15438897998320442
0.07233333333333333,0.16868142799618022
0.07241666666666667,0.1944764531445015
0.0725,0.2826008820026576
0.07258333333333333,0.11259579858133334
0.07266666666666667,0.17160947065470397
0.07275,0.2450580947409719
0.07283333333333333,0.22721455361161116
0.07291666666666666,0.1895516122632996
0.073,0.10467507427528816
0.07308333333333333,0.24959449708392173
0.07316666666666666,0.17688338121839603
0.07325,0.12015749045332837
0.07333333333333333,0.1459394873839136
0.07341666666666666,0.20030278325594914
0.0735,0.2694970999223708
0.07358333333333333,0.16178505286613756
0.07366666666666666,0.14595289756262775
0.07375,0.1947058159127244
0.07383333333333333,0.19888797910651482
0.07391666666666666,0.18468745741788156
0.074,0.22787271561286787
0.07408333333333333,0.09040202305091494
0.07416666666666666,0.12402698741622997
0.07425,0.19880655580375742
0.07433333333333333,0.24920863916576502
0.07441666666666666,0.15376104904248925
0.0745,0.2090408179349532
0.07458333333333333,0.1675729870399955
0.07466666666666666,0.21639134618755912
0.07475,0.1668712037569144
0.07483333333333334,0.1725948372148267
0.07491666666666666,0.15073471822267404
0.075,0.29202779179479865
0.07508333333333334,0.9543730576410385
0.07516666666666666,0.5091618608946401
0.07525,-0.23306951662862851
0.07533333333333334,-0.27682013283927126
0.07541666666666666,0.35504896543878967
0.0755,0.7446608326137287
0.07558333333333334,0.32210810719046334
0.07566666666666666,-0.14541887183157426
0.07575,-0.0006166745374079075
0.07583333333333334,0.3213470892326718
0.07591666666666666,0.47534935485453594
0.076,0.14127423052239232
0.07608333333333334,-0.10797512750557614
0.07616666666666666,0.06691032295093167
0.07625,0.33822080762965084
0.07633333333333334,0.3635509077530467
0.07641666666666666,0.05441599402876757
0.0765,0.05128010876306834
0.07658333333333334,0.18676462051630113
0.07666666666666666,0.26374160073777453
0.07675,0.31006501936524944
0.07683333333333334,0.0845334643777145
0.07691666666666666,0.019736943777155888
0.077,0.22228931778901845
0.07708333333333334,0.37556712760628896
0.07716666666666666,0.25820010467531496
0.07725,0.10714705941033052
0.07733333333333334,0.1890545040045158
0.07741666666666666,0.2506953222270122
0.0775,0.22940356029617648
0.07758333333333334,0.16714563015672962
0.07766666666666666,0.11008848098263758
0.07775,0.11765708821760933
0.07783333333333332,0.14249091667554636
0.07791666666666666,0.23528013056440056
0.078,0.29267858976470745
0.07808333333333332,0.09111256900093478
0.07816666666666666,0.15983313661417578
0.07825,0.23567914006555457
0.07833333333333332,0.2480314644945217
0.07841666666666666,0.2180529870875141
0.0785,0.1567023528748913
0.07858333333333332,0.07665737455687478
0.07866666666666666,0.156772232298325
0.07875,0.09371639879257537
0.07883333333333332,0.2752295880623837
0.07891666666666666,0.15630144074850205
0.079,0.16257698918237018
0.07908333333333332,0.19954222910215855
0.07916666666666666,0.11412390583702094
0.07925,0.13697310271005855
0.07933333333333333,0.12165407102418441
0.07941666666666666,0.1669472191708643
0.0795,0.12299687035208326
0.07958333333333333,0.16488199784644433
0.07966666666666666,0.06930776664458255
0.07975,0.16522336580677444
0.07983333333333333,0.11541238783213738
0.07991666666666666,0.08680904879727741
0.08,0.06859211810255914
0.08008333333333333,0.09217578961607771
0.08016666666666666,0.15408103187811756
0.08025,0.04239961498113587
0.08033333333333333,0.15476400915576477
0.08041666666666666,0.12917339403861874
0.0805,0.20530753769299318
0.08058333333333333,0.1361011540028848
0.08066666666666666,0.18186385506060485
0.08075,0.04362151000670307
0.08083333333333333,0.11852920407901998
0.08091666666666666,0.07450830222535446
0.081,0.10273013530796285
0.08108333333333333,0.05539896277646538
0.08116666666666666,0.09833601514992385
0.08125,-0.07262439247587324
0.08133333333333333,0.7437495680946551
0.08141666666666666,0.3557717978563991
0.0815,-0.40124980034499363
0.08158333333333333,-0.45024893164965113
0.08166666666666667,0.21145112843282748
0.08175,0.5692871869498343
0.08183333333333333,0.19383688525299686
0.08191666666666667,-0.3236582939347582
0.082,-0.2644609196254832
0.08208333333333333,0.23015799877506318
0.08216666666666667,0.3740391356776603
0.08225,0.014895508149938043
0.08233333333333333,-0.2853069434139661
0.08241666666666667,-0.11416406496319187
0.0825,0.24339713649660327
0.08258333333333333,0.2163895084622055
0.08266666666666667,-0.04865435038518304
0.08275,-0.12279551225028196
0.08283333333333333,0.011048436900562585
0.08291666666666667,0.1325931000176063
0.08299999999999999,0.11665951716792414
0.08308333333333333,-0.1428741208364914
0.08316666666666667,-0.1371964456174649
0.08324999999999999,0.14922859082138015
0.08333333333333333,0.08747376286536172
0.08341666666666667,0.08290622304952974
0.08349999999999999,-0.0685307789066345
0.08358333333333333,-0.04420889333545661
0.08366666666666667,0.09254350393325982
0.08374999999999999,0.05145455119446374
0.08383333333333333,-0.041667063523514916
0.08391666666666667,-0.07815377637437323
0.08399999999999999,-0.07078502490839252
0.08408333333333333,-0.05546577859239418
0.08416666666666667,0.028589758313430465
0.08424999999999999,-0.03247730830298602
0.08433333333333333,-0.06489993840975106
0.08441666666666667,0.045831618116428496
0.08449999999999999,0.06719254206813902
0.08458333333333333,0.00963395605262084
0.08466666666666667,-0.10135129386248282
0.08474999999999999,0.014068082326494313
0.08483333333333333,-0.027866314989173975
0.08491666666666667,-0.04109727601484032
0.08499999999999999,-0.05203873225656123
0.08508333333333333,-0.059540842630908954
0.08516666666666667,-0.14492604530051828
0.08524999999999999,-0.015154328171330445
0.08533333333333333,-0.12276664492571887
0.08541666666666667,-0.03391379893919125
0.08549999999999999,-0.11701048568268686
0.08558333333333333,-0.06857932103394088
0.08566666666666667,-0.10976142013774284
0.08574999999999999,-0.1556103119061918
0.08583333333333333,-0.10509612903083217
0.08591666666666667,-0.13545352350611964
0.086,-0.08284240187318415
0.08608333333333333,-0.16131206970207995
0.08616666666666667,-0.03362490920431126
0.08625,0.0007385066613861263
0.08633333333333333,-0.21683292145687083
0.08641666666666667,-0.11873911150475554
0.0865,-0.09617826606459004
0.08658333333333333,-0.12005416038535886
0.08666666666666667,-0.18270495656350744
0.08675,-0.08798872103115225
0.08683333333333333,0.02612271441462881
0.08691666666666667,-0.12736824026728302
0.087,-0.0753165232471268
0.08708333333333333,-0.04273554495824272
0.08716666666666667,-0.1354935313877779
0.08725,-0.08306544618220593
0.08733333333333333,-0.1662560628164042
0.08741666666666667,-0.1792234278256763
0.0875,-0.15510162575455233
0.08758333333333333,0.6280492519558716
0.08766666666666667,0.1849125686444509
0.08775,-0.4874640689750004
0.08783333333333333,-0.7304548849374747
0.08791666666666666,0.029446265224227747
0.088,0.2849133547449506
0.08808333333333333,-0.05750140324203643
0.08816666666666666,-0.4937703391256328
0.08825,-0.41090068255648876
0.08833333333333333,-0.03070783287032698
0.08841666666666666,0.12014353958135192
0.0885,-0.15017603736507382
0.08858333333333333,-0.419235067610583
0.08866666666666666,-0.34067473870672615
0.08875,0.05098063844382146
0.08883333333333333,-0.03293069419864075
0.08891666666666666,-0.19721766283442402
0.089,-0.2863397166297795
0.08908333333333333,-0.23291462687669334
0.08916666666666666,-0.128147896532851
0.08925,-0.08226076780166065
0.08933333333333333,-0.23772588252819232
0.08941666666666666,-0.29505749702451084
0.0895,-0.29349587399434696
0.08958333333333333,-0.11572548781702813
0.08966666666666666,-0.20160844256982788
0.08975,-0.24147861386823422
0.08983333333333333,-0.3573032592876545
0.08991666666666666,-0.1670053587743382
0.09,-0.11618290347307454
0.09008333333333333,-0.20387708231434196
0.09016666666666666,-0.3155699732429442
0.09025,-0.25517317770009895
0.09033333333333333,-0.22012173624115702
0.09041666666666666,-0.1369323376226585
0.0905,-0.1860716376049735
0.09058333333333334,-0.20363941145684952
0.09066666666666666,-0.20628433869550256
0.09075,-0.18861556170862762
0.09083333333333334,-0.20395292055036154
0.09091666666666666,-0.2864624421000117
0.091,-0.2511518256365999
0.09108333333333334,-0.22642790613888053
0.09116666666666666,-0.2104940037519352
0.09125,-0.16354367958506452
0.09133333333333334,-0.20383296177578683
0.09141666666666666,-0.18614729470727917
0.0915,-0.1698768572792859
0.09158333333333334,-0.16679926179889737
0.09166666666666666,-0.24707093537287722
0.09175,-0.23520968001019746
0.09183333333333334,-0.1972774208130259
0.09191666666666666,-0.21649436280153056
0.092,-0.18207461426204452
0.09208333333333334,-0.13870737849143142
0.09216666666666666,-0.20190886205609027
0.09225,-0.20638775259210154
0.09233333333333334,-0.26019217466785405
0.09241666666666666,-0.22011382517602515
0.0925,-0.2121680916132671
0.09258333333333334,-0.21872592900627938
0.09266666666666666,-0.2954696384744401
0.09275,-0.16857628889091741
0.09283333333333334,-0.1366816328091091
0.09291666666666666,-0.1182792028313884
0.093,-0.19815941777892623
0.09308333333333332,-0.20431762490024086
0.09316666666666666,-0.22534636933959556
0.09325,-0.20802544106377635
0.09333333333333332,-0.16788510021856096
0.09341666666666666,-0.16495232234339713
0.0935,-0.20363779733870335
0.09358333333333332,-0.20382389381872235
0.09366666666666666,-0.11592477393241535
0.09375,-0.18417942011288543
0.09383333333333332,0.4768559279190715
0.09391666666666666,0.138607400470492
0.094,-0.6746803910703659
0.09408333333333332,-0.4873453163119801
0.09416666666666666,-0.14033819961168165
0.09425,0.2798074500038369
0.09433333333333332,-0.09297632573364578
0.09441666666666666,-0.4509676864865103
0.0945,-0.3013397248760712
0.09458333333333332,0.06855581416332669
0.09466666666666666,0.10991971014221974
0.09475,-0.19492067280003472
0.09483333333333333,-0.4391794204576231
0.09491666666666666,-0.3317422110818432
0.095,0.055703746197784426
0.09508333333333333,-0.021839843009102196
0.09516666666666666,-0.19467802124297112
0.09525,-0.2902989778971572
0.09533333333333333,-0.18531531870787643
0.09541666666666666,-0.045292568068839995
0.0955,0.006555628101999271
0.09558333333333333,-0.13411214539580757
0.09566666666666666,-0.2588824128388373
0.09575,-0.16055694855586616
0.09583333333333333,-0.01903951757743998
0.09591666666666666,-0.033190341227128835
0.096,-0.09568943298136333
0.09608333333333333,-0.1908645279067749
0.09616666666666666,0.01726642426947224
0.09625,-0.1203859620839988
0.09633333333333333,-0.16269745862675158
0.09641666666666666,-0.14493329575827602
0.0965,-0.22028846279369993
0.09658333333333333,-0.08398725804772494
0.09666666666666666,-0.1533215028301152
0.09675,-0.186605990413414
0.09683333333333333,-0.13198799349853632
0.09691666666666666,-0.02988553825259628
0.097,-0.12814383373050303
0.09708333333333333,-0.09507060178049058
0.09716666666666667,-0.08433667497993402
0.09725,-0.1523044998566906
0.09733333333333333,-0.05146897160961815
0.09741666666666667,-0.0637242390278733
0.0975,-0.07067147887734089
0.09758333333333333,-0.14159167925476035
0.09766666666666667,-0.027568095555095845
0.09775,-0.13700618504532996
0.09783333333333333,-0.026136877196795555
0.09791666666666667,-0.07655018189778783
0.09799999999999999,-0.08837067061464499
0.09808333333333333,-0.036707788591504496
0.09816666666666667,-0.04085565300859495
0.09824999999999999,-0.14067904156846622
0.09833333333333333,-0.02178992269732729
0.09841666666666667,-0.05987472776384021
0.09849999999999999,-0.03543147736388036
0.09858333333333333,-0.05148779765481353
0.09866666666666667,0.048322542809682664
0.09874999999999999,0.04242907559879773
0.09883333333333333,0.0706627269657504
0.09891666666666667,-0.008614788012813797
0.09899999999999999,-0.10805902792474362
0.09908333333333333,0.046418555773543306
0.09916666666666667,0.05544652726815954
0.09924999999999999,-0.04350143200478837
0.09933333333333333,-0.03224529915812513
0.09941666666666667,0.032746951745014255
0.09949999999999999,0.04123057198487348
0.09958333333333333,-0.048125512269043824
0.09966666666666667,0.0034063933001371935
0.09974999999999999,-0.05733710766381245
0.09983333333333333,-0.026218761169999168
0.09991666666666667,0.03434285001674475
0.09999999999999999,0.1439237915071775
0.10008333333333333,0.6746512441585326
0.10016666666666667,0.4056284247774624
0.10024999999999999,-0.33749884565445665
0.10033333333333333,-0.5205029002245497
0.10041666666666667,0.11818890570172422
0.10049999999999999,0.4771085835581708
0.10058333333333333,0.1373448713743878
0.10066666666666667,-0.38584261000813874
0.10074999999999999,-0.2563119109470206
0.10083333333333333,0.181565963026049
0.10091666666666667,0.31218632178212347
0.10099999999999999,0.12551952443577621
0.10108333333333333,-0.27423774795489053
0.10116666666666667,-0.032334597453444795
0.10124999999999999,0.19486597569174974
0.10133333333333333,0.16785686006597222
0.10141666666666667,0.007628574866720057
0.10149999999999999,-0.1773817343708462
0.10158333333333333,0.049734876829333995
0.10166666666666667,0.20487851603346147
0.10175,0.11636889715991702
0.10183333333333333,-0.08869647640111078
0.10191666666666667,-0.05665839910731164
0.102,0.1026296155750952
0.10208333333333333,0.08314747001871495
0.10216666666666667,0.09129688768897073
0.10225,-0.012644213585757735
0.10233333333333333,0.08425449464015604
0.10241666666666667,0.060344757421326965
0.1025,0.22574891377163078
0.10258333333333333,0.04879080156886478
0.10266666666666667,0.16001518731309172
0.10275,0.03889566690853914
0.10283333333333333,0.11723180291548857
0.10291666666666666,0.1416871126708252
0.103,0.18746894725434193
0.10308333333333333,0.08566405941319462
0.10316666666666666,0.137267879578924
0.10325,0.09143690305659063
0.10333333333333333,0.13890541947485166
0.10341666666666666,0.07206646130789193
0.1035,0.09687995138562804
0.10358333333333333,0.08895319638885515
0.10366666666666666,0.19612954296534954
0.10375,0.17626587872249405
0.10383333333333333,0.13777466625831492
0.10391666666666666,0.01705014252529509
0.104,0.06999627930528055
0.10408333333333333,0.08152168050710405
0.10416666666666666,0.0942163431494962
0.10425,0.18576218620731955
0.10433333333333333,0.14752489091661705
0.10441666666666666,0.12345902308490259
0.1045,0.1348323767161883
0.10458333333333333,0.14163000241761123
0.10466666666666666,0.21249997789644828
0.10475,0.1237122419454981
0.10483333333333333,0.10969303685390433
0.10491666666666666,0.12500678817038224
0.105,0.277024805247194
0.10508333333333333,0.16587538976112792
0.10516666666666666,0.12943684044497353
0.10525,0.12016078990926343
0.10533333333333333,0.1558334510127332
0.10541666666666666,0.1530653924138655
0.1055,0.24244267773218742
0.10558333333333333,0.10163311927662966
0.10566666666666666,0.12701724011274135
0.10575,0.14489829426856618
0.10583333333333333,0.27440444315028056
0.10591666666666666,0.1871869557449941
0.106,0.14296860308296508
0.10608333333333334,0.16941605226188886
0.10616666666666666,0.1620454088661854
0.10625,0.23220021884502928
0.10633333333333334,0.8203351441931276
0.10641666666666666,0.4929450954548956
0.1065,-0.18568473955470463
0.10658333333333334,-0.2336385773184862
0.10666666666666666,0.28862983263949615
0.10675,0.6483461419724994
0.10683333333333334,0.24039373260888458
0.10691666666666666,-0.16143293174242293
0.107,-0.06790459382100225
0.10708333333333334,0.39834957865627
0.10716666666666666,0.4360864843024489
0.10725,0.1949981101711284
0.10733333333333334,-0.08019687471468297
0.10741666666666666,0.0020182380436182534
0.1075,0.3354983944942511
0.10758333333333334,0.364767817778035
0.10766666666666666,0.16260355609184782
0.10775,0.08896445918668718
0.10783333333333334,0.13159282626101204
0.10791666666666666,0.4073522093597905
0.108,0.25102500620821167
0.10808333333333332,0.07525556178168319
0.10816666666666666,0.06173368870848335
0.10825,0.21456123069910166
0.10833333333333332,0.40626579203360935
0.10841666666666666,0.21634301948269502
0.1085,0.16583278654306216
0.10858333333333332,0.1955690711722406
0.10866666666666666,0.3099927373050747
0.10875,0.2646795716623801
0.10883333333333332,0.2848137613117712
0.10891666666666666,0.18932836967636588
0.109,0.10576247482492417
0.10908333333333332,0.28413806218295146
0.10916666666666666,0.20312120868767775
0.10925,0.2053708722840629
0.10933333333333332,0.13349243717881304
0.10941666666666666,0.2594378264869067
0.1095,0.2792433476932826
0.10958333333333332,0.19632893748060704
0.10966666666666666,0.21126310523932856
0.10975,0.08873278944555184
0.10983333333333332,0.13679387643148783
0.10991666666666666,0.3360338090117247
0.11,0.21871488342372564
0.11008333333333332,0.14142850999596862
0.11016666666666666,0.24196245564197547
0.11025,0.22025923411013568
0.11033333333333332,0.22897743296842965
0.11041666666666666,0.1156240723570572
0.1105,0.09234322330130011
0.11058333333333333,0.19202858685672386
0.11066666666666666,0.2232171374501163
0.11075,0.20931572710996976
0.11083333333333333,0.2181024523620628
0.11091666666666666,0.19074702762703946
0.111,0.20944985911740113
0.11108333333333333,0.254311562642743
0.11116666666666666,0.14552309734557176
0.11125,0.1895937912798352
0.11133333333333333,0.0847170039953079
0.11141666666666666,0.0976731965398093
0.1115,0.1676511145459636
0.11158333333333333,0.017323834608073824
0.11166666666666666,0.22109917657656464
0.11175,0.26636000231202983
0.11183333333333333,0.24233998144520347
0.11191666666666666,0.2799984683979173
0.112,0.14819226213202893
0.11208333333333333,-0.008251443133937303
0.11216666666666666,0.20079341955270028
0.11225,0.21324941912988388
0.11233333333333333,0.059017963205390614
0.11241666666666666,0.08148420034826115
0.1125,0.11268276550694276
0.11258333333333333,0.8032844906016967
0.11266666666666666,0.4810746668330883
0.11275,-0.41804320316748433
0.11283333333333333,-0.35751724880844393
0.11291666666666667,0.20979737301530768
0.11299999999999999,0.5741326484786702
0.11308333333333333,0.3483726727428321
0.11316666666666667,-0.15629837588473128
0.11324999999999999,-0.11499755166427508
0.11333333333333333,0.3013140062146541
0.11341666666666667,0.42952045226169855
0.11349999999999999,0.1278539966762146
0.11358333333333333,-0.20158818761935304
0.11366666666666667,-0.07491574511922718
0.11374999999999999,0.30040523511941847
0.11383333333333333,0.3187333101797361
0.11391666666666667,0.050485953788600865
0.11399999999999999,-0.0867792795851255
0.11408333333333333,0.04920448300139985
0.11416666666666667,0.33567391446019385
0.11424999999999999,0.2566976712348869
0.11433333333333333,-0.00019829683738242787
0.11441666666666667,0.05151097978365454
0.11449999999999999,0.12576386683900093
0.11458333333333333,0.1908556517052001
0.11466666666666667,0.10942808791350857
0.11474999999999999,-0.03864597135901679
0.11483333333333333,0.048908580577179506
0.11491666666666667,0.08236232849191302
0.11499999999999999,0.17499097886591075
0.11508333333333333,0.046430748529524224
0.11516666666666667,0.03424350096004451
0.11524999999999999,0.05339272384078273
0.11533333333333333,0.05346523379246119
0.11541666666666667,0.03124238539283153
0.11549999999999999,0.08004927309455559
0.11558333333333333,-0.04795388786655116
0.11566666666666667,-0.0980867641466438
0.11574999999999999,0.10933620907422956
0.11583333333333333,0.06283064089472731
0.11591666666666667,-0.06362188914172473
0.11599999999999999,-0.058523235779918845
0.11608333333333333,-0.02876202698645765
0.11616666666666667,0.00013036674616895283
0.11624999999999999,0.013608451103299692
0.11633333333333333,-0.07665691672876826
0.11641666666666667,0.0063545871492860645
0.11649999999999999,0.07792351344305261
0.11658333333333333,0.0273214849462966
0.11666666666666667,-0.04710749034248061
0.11674999999999999,-0.04000224347303049
0.11683333333333333,0.0645728359519885
0.11691666666666667,-0.05801843257480076
0.11699999999999999,-0.010100629580386739
0.11708333333333333,0.03702433627186349
0.11716666666666667,-0.01796592665255496
0.11725,-0.011512934922818022
0.11733333333333333,-0.07870422241428583
0.11741666666666667,-0.0493599568861437
0.1175,-0.01877040733431843
0.11758333333333333,-0.02467016798386129
0.11766666666666667,-0.022611126969743347
0.11775,-0.05849320710747283
0.11783333333333333,-0.06503598566026488
0.11791666666666667,-0.1322482906051615
0.118,-0.03945603287474466
0.11808333333333333,-0.12649813385470435
0.11816666666666666,-0.07290757587433443
0.11825,-0.1377916542014102
0.11833333333333333,-0.06584189733078687
0.11841666666666666,-0.05553743241076431
0.1185,-0.044472535185305834
0.11858333333333333,-0.03685967263902095
0.11866666666666666,-0.09732145386233368
0.11875,-0.040811276448413425
0.11883333333333333,0.6134404499986416
0.11891666666666666,0.28971178331064634
0.119,-0.455171585837264
0.11908333333333333,-0.632768167975913
0.11916666666666666,0.07239978355039026
0.11925,0.35300678570391697
0.11933333333333333,0.056211334251488915
0.11941666666666666,-0.46614417201110975
0.1195,-0.3737366398933477
0.11958333333333333,0.09756093436093728
0.11966666666666666,0.1296818944158743
0.11975,-0.07252168557161005
0.11983333333333333,-0.4520740127215804
0.11991666666666666,-0.3055615812889256
0.12,0.02233252428002437
0.12008333333333333,0.14067499484221097
0.12016666666666666,-0.22029233600943898
0.12025,-0.30650015110068457
0.12033333333333333,-0.15188242601030033
0.12041666666666666,-0.025133419117730777
0.1205,-0.02636853430026893
0.12058333333333333,-0.13244137109094295
0.12066666666666666,-0.21156655613732764
0.12075,-0.11866209202897693
0.12083333333333333,0.021945363686358882
0.12091666666666666,-0.12095419895357054
0.121,-0.172930720643366
0.12108333333333333,-0.276318840664348
0.12116666666666666,-0.1649532274564242
0.12125,-0.11510970107033801
0.12133333333333333,-0.21188979921224554
0.12141666666666666,-0.21905807966021304
0.1215,-0.2646382283618724
0.12158333333333333,-0.1640917915028706
0.12166666666666666,-0.19698133414070082
0.12175,-0.06838105663722521
0.12183333333333334,-0.2482704058400976
0.12191666666666666,-0.1922018157867798
0.122,-0.17376141272663873
0.12208333333333334,-0.1917938233457423
0.12216666666666666,-0.2348692335555698
0.12225,-0.17883994716078905
0.12233333333333334,-0.16486568498934176
0.12241666666666666,-0.16988119057962314
0.1225,-0.2190913740065616
0.12258333333333334,-0.10674593224820123
0.12266666666666666,-0.11548839332562302
0.12275,-0.16860711238341994
0.12283333333333334,-0.20073464646985542
0.12291666666666666,-0.22789009728790927
0.123,-0.14680099128565913
0.12308333333333332,-0.11032633606342658
0.12316666666666666,-0.13831215369551836
0.12325,-0.2631631305952242
0.12333333333333332,-0.20862637378731197
0.12341666666666666,-0.2780720157841647
0.1235,-0.23780798580643064
0.12358333333333332,-0.19213236389875926
0.12366666666666666,-0.19156668646331684
0.12375,-0.20634277805671794
0.12383333333333332,-0.2633038442392449
0.12391666666666666,-0.14160935850317175
0.124,-0.16148366099696781
0.12408333333333332,-0.213034035407391
0.12416666666666666,-0.23724009178222588
0.12425,-0.13724725898582252
0.12433333333333332,-0.20935394940889937
0.12441666666666666,-0.2019570642253076
0.1245,-0.17235749222815064
0.12458333333333332,-0.22850016664964592
0.12466666666666666,-0.20998470183531923
0.12475,-0.21117236616122464
0.12483333333333332,-0.2290536528578978
0.12491666666666666,-0.17670101193504148
0.125,-0.1925324847793371
0.12508333333333332,0.5602174241074316
0.12516666666666668,0.18640087602753336
0.12525,-0.6615316857616681
0.12533333333333332,-0.586283466353902
0.12541666666666668,0.01276450815419053
0.1255,0.25640924539636767
0.12558333333333332,-0.01398241398000849
0.12566666666666665,-0.5778296944758682
0.12575,-0.417660277767045
0.12583333333333332,0.032498104600915366
0.12591666666666665,0.07895823759189988
0.126,-0.3111485857934453
0.12608333333333333,-0.5218301141955642
0.12616666666666665,-0.40733062348725974
0.12625,-0.07881809780188243
0.12633333333333333,-0.007106919810618958
0.12641666666666665,-0.2762330557500615
0.1265,-0.36216974442672717
0.12658333333333333,-0.23183353544582846
0.12666666666666665,-0.08291282106787747
0.12675,-0.17292867148298757
0.12683333333333333,-0.22516102275987754
0.12691666666666665,-0.3485775192806763
0.127,-0.18431560332114708
0.12708333333333333,-0.10087779887646046
0.12716666666666665,-0.07650490590460425
0.12725,-0.28958170148595275
0.12733333333333333,-0.2356901310963445
0.12741666666666665,-0.17103754297212373
0.1275,-0.09384168869494228
0.12758333333333333,-0.19531530816992418
0.12766666666666665,-0.1375969779942262
0.12775,-0.1933360330984437
0.12783333333333333,-0.16701508823542027
0.12791666666666665,-0.19557168052242901
0.128,-0.202676035601966
0.12808333333333333,-0.1702454453132763
0.12816666666666665,-0.1936671627963271
0.12825,-0.193728720628555
0.12833333333333333,-0.10340847325642165
0.12841666666666665,-0.22171870401084953
0.1285,-0.1955731148942176
0.12858333333333333,-0.11796124973740452
0.12866666666666665,-0.07698784204616674
0.12875,-0.10971128704811536
0.12883333333333333,-0.07107382410942009
0.12891666666666665,-0.2157679381691369
0.129,-0.22024516118390502
0.12908333333333333,-0.21131943047502225
0.12916666666666665,-0.11882966775733321
0.12925,-0.09812221823558974
0.12933333333333333,-0.10971580195427426
0.12941666666666665,-0.09988303943302537
0.1295,-0.19687353839068927
0.12958333333333333,-0.20694188576541644
0.12966666666666665,-0.08206158834970279
0.12975,-0.16941861222594046
0.12983333333333333,-0.08820291492517529
0.12991666666666665,-0.11869555379268452
0.13,-0.1392947090007386
0.13008333333333333,-0.1332658809933848
0.13016666666666665,-0.05625452613277323
0.13025,-0.07967131157636337
0.13033333333333333,-0.15497202339144858
0.13041666666666665,-0.16620380259055448
0.1305,-0.07672742405491796
0.13058333333333333,-0.1351137906683907
0.13066666666666665,-0.01837521550593342
0.13075,-0.06886063408109161
0.13083333333333333,-0.06722946060174094
0.13091666666666665,-0.14621212634657993
0.131,-0.11804655116068519
0.13108333333333333,-0.09785877175471665
0.13116666666666665,-0.07091947353652753
0.13125,-0.0708202255611063
0.13133333333333333,0.6765073133451773
0.13141666666666665,0.23078888092698174
0.1315,-0.43600095800836214
0.13158333333333333,-0.5417764603227492
0.13166666666666665,0.054236457355123106
0.13175,0.38119787048922316
0.13183333333333333,0.029871113440799152
0.13191666666666665,-0.45473424037598975
0.132,-0.2810664862576019
0.13208333333333333,0.13753544981677066
0.13216666666666665,0.2353044975315167
0.13225,-0.07137260143901053
0.13233333333333333,-0.2992631395274399
0.13241666666666665,-0.15781654920737204
0.1325,0.2597236977690406
0.13258333333333333,0.10107127656583392
0.13266666666666665,-0.16213941099402876
0.13275,-0.14096527807461162
0.13283333333333333,-0.10060862700740833
0.13291666666666666,0.1390677307731576
0.133,0.009649557677648121
0.13308333333333333,-0.05506408433673064
0.13316666666666666,-0.10804530917319582
0.13325,0.02632609535167987
0.13333333333333333,0.03228332012870351
0.13341666666666666,0.016115420138118064
0.1335,-0.07095759973976677
0.13358333333333333,-0.13625647688020626
0.13366666666666666,0.04930523666169627
0.13375,0.07572383466198565
0.13383333333333333,0.021472998138193686
0.13391666666666666,-0.04180349112743945
0.134,-0.02375640733917972
0.13408333333333333,0.10047600221947521
0.13416666666666666,0.11869175571273391
0.13425,0.016957769216057045
0.13433333333333333,-0.050758442954122476
0.13441666666666666,0.11009073194781875
0.1345,0.0897216141985417
0.13458333333333333,0.148171423591912
0.13466666666666666,-0.0442081604853824
0.13475,0.08922839282281027
0.13483333333333333,0.023405797977066645
0.13491666666666666,0.041708607394570545
0.135,0.10658315880533296
0.13508333333333333,0.126081386736124
0.13516666666666666,0.02374433713604767
0.13525,0.029291794797608676
0.13533333333333333,0.07828343214862407
0.13541666666666666,0.014746631806401407
0.1355,0.10717554775336748
0.13558333333333333,-0.043333048871737126
0.13566666666666666,0.049201834512178556
0.13574999999999998,0.11496402800591832
0.13583333333333333,-0.018139127664038468
0.13591666666666666,0.06808449241978784
0.13599999999999998,0.17572868980113548
0.13608333333333333,0.04125493788139724
0.13616666666666666,0.04082872383678026
0.13624999999999998,0.11816548219747705
0.13633333333333333,0.14968733171795232
0.13641666666666666,0.13413087037138943
0.13649999999999998,0.19726490034474115
0.13658333333333333,0.05868399842622652
0.13666666666666666,0.10650068727154721
0.13674999999999998,0.22981466011935875
0.13683333333333333,0.2587188768636717
0.13691666666666666,0.0962949384060297
0.13699999999999998,0.13805221180462454
0.13708333333333333,0.0906760103804066
0.13716666666666666,0.12378189025526017
0.13724999999999998,0.07354608967781553
0.13733333333333334,0.20913058349465713
0.13741666666666666,0.19217689917102962
0.13749999999999998,0.13692533103077742
0.13758333333333334,0.8681258012159686
0.13766666666666666,0.52544534225381
0.13774999999999998,-0.24857408832684835
0.13783333333333334,-0.37630290749645745
0.13791666666666666,0.27930777798145495
0.13799999999999998,0.600049032129061
0.13808333333333334,0.31149682389054006
0.13816666666666666,-0.21884718164668301
0.13824999999999998,-0.052761855926319115
0.13833333333333334,0.31248508975120176
0.13841666666666666,0.47714789316065304
0.13849999999999998,0.10825175669026083
0.13858333333333334,-0.14118842450065103
0.13866666666666666,0.005984096954696552
0.13874999999999998,0.4173675362796744
0.13883333333333334,0.3810217925507373
0.13891666666666666,0.1719625770512934
0.13899999999999998,-0.01652724700058554
0.13908333333333334,0.12028618881022354
0.13916666666666666,0.2880402034142361
0.13924999999999998,0.30104814756215964
0.13933333333333334,0.11970261644246205
0.13941666666666666,0.03833222857250086
0.13949999999999999,0.13170491031317624
0.13958333333333334,0.2552614993317267
0.13966666666666666,0.1581157903326562
0.13974999999999999,0.15704823085275174
0.13983333333333334,0.13117828467886067
0.13991666666666666,0.15528049827806883
0.13999999999999999,0.13992730649842755
0.14008333333333334,0.1831223465923914
0.14016666666666666,0.09163706209795597
0.14024999999999999,0.06278664069096315
0.14033333333333334,0.19040893989992302
0.14041666666666666,0.24038638267890722
0.14049999999999999,0.2139072079783196
0.14058333333333334,0.15997256457513606
0.14066666666666666,0.13660775169161612
0.14075,0.31645493743748637
0.14083333333333334,0.2600642983546656
0.14091666666666666,0.3022787587614082
0.141,0.18496050386210208
0.14108333333333334,0.3028407818138778
0.14116666666666666,0.33974395319662565
0.14125,0.20155607362606953
0.14133333333333334,0.12710342444844536
0.14141666666666666,0.14851910184422734
0.1415,0.2088121943354953
0.14158333333333334,0.22789027008044227
0.14166666666666666,0.08017711677742415
0.14175,0.1438526455387499
0.14183333333333334,0.1986084176740885
0.14191666666666666,0.2234548138005855
0.142,0.32304501005397007
0.14208333333333334,0.18082761985606383
0.14216666666666666,0.2674247573928359
0.14225,0.11654629194882571
0.14233333333333334,0.1894418766431278
0.14241666666666666,0.24388318019636726
0.1425,0.13355002525136778
0.14258333333333334,0.25531480790766026
0.14266666666666666,0.2460496194066636
0.14275,0.17757234971768213
0.14283333333333334,0.2283936866299182
0.14291666666666666,0.31727092682650293
0.143,0.07851066424644301
0.14308333333333334,0.16830720976710967
0.14316666666666666,0.2522916920545288
0.14325,0.18814248790106747
0.14333333333333334,0.2471601435308991
0.14341666666666666,0.1616549315375398
0.1435,0.15387371731177873
0.14358333333333334,0.23283628328974987
0.14366666666666666,0.22141636217344318
0.14375,0.1377306127740881
0.14383333333333334,0.8744762459488696
0.14391666666666666,0.5325970733506977
0.144,-0.39471849280951077
0.14408333333333334,-0.3419419856468066
0.14416666666666667,0.35436028416135334
0.14425,0.5844512251228849
0.14433333333333334,0.2186272781806441
0.14441666666666667,-0.13365168947452927
0.1445,-0.16094345086971343
0.14458333333333334,0.3616087822724488
0.14466666666666667,0.5319175382181175
0.14475,0.20030687991021467
0.14483333333333334,-0.05067321963032659
0.14491666666666667,0.036295003060375745
0.145,0.30050021773020197
0.14508333333333334,0.2989480649616704
0.14516666666666667,0.12245137666920178
0.14525,-0.05412428477440565
0.14533333333333334,0.05138118881063622
0.14541666666666667,0.35142702382498936
0.1455,0.32601411843748695
0.14558333333333331,0.0928433892609375
0.14566666666666667,0.019043392058614737
0.14575,0.05956933006171501
0.14583333333333331,0.2608805881250896
0.14591666666666667,0.19527001582030787
0.146,0.10923560776624908
0.14608333333333332,0.10436012826410294
0.14616666666666667,0.18881763574130717
0.14625,0.1694049924384425
0.14633333333333332,0.11695597863761904
0.14641666666666667,0.03706272201289316
0.1465,0.1583154668266517
0.14658333333333332,0.16552184353484303
0.14666666666666667,0.12166950053005002
0.14675,0.06977457096305911
0.14683333333333332,0.048434148469140924
0.14691666666666667,0.13067635815894119
0.147,0.11382533437761622
0.14708333333333332,0.12753826637186574
0.14716666666666667,0.08932796693360863
0.14725,0.06979845246358246
0.14733333333333332,0.1129024383379103
0.14741666666666667,0.06432416278852876
0.1475,0.046905597345418666
0.14758333333333332,0.032344251757118275
0.14766666666666667,0.17158802307058957
0.14775,0.07540911974881584
0.14783333333333332,0.11220978786050402
0.14791666666666667,0.11594918181874482
0.148,0.11841965491508344
0.14808333333333332,0.07007597757418463
0.14816666666666667,0.032563851275321666
0.14825,0.18363345487811342
0.14833333333333332,0.16572801155895586
0.14841666666666667,0.061480665265562735
0.1485,0.0021706174074917206
0.14858333333333332,0.05388347599200617
0.14866666666666667,-0.055283952965471346
0.14875,0.09782317909365978
0.14883333333333332,-0.05426454388324757
0.14891666666666667,0.06386841888558294
0.149,0.07244704302346586
0.14908333333333332,-0.03331024178086508
0.14916666666666667,0.0024530304336668335
0.14925,0.04497140657834903
0.14933333333333332,0.04267176837520438
0.14941666666666667,0.06269587310564792
0.1495,-0.006631302197181797
0.14958333333333332,-0.027533828007862683
0.14966666666666667,0.07575725255082624
0.14975,-0.011176815616703133
0.14983333333333332,-0.045969707844669846
0.14991666666666667,-0.06293850385400504
0.15,-0.013262338358808034
0.15008333333333332,0.638512267598611
0.15016666666666667,0.3461406317973039
0.15025,-0.44721672853768507
0.15033333333333332,-0.5409064444083763
0.15041666666666667,0.13062332697377396
0.1505,0.4674424436432686
0.15058333333333332,0.07084803321678304
0.15066666666666667,-0.3858452903016042
0.15075,-0.2869374751316585
0.15083333333333332,0.05796610647354139
0.15091666666666667,0.199462983575462
0.151,0.0822176607155476
0.15108333333333332,-0.4272019486189582
0.15116666666666667,-0.17525165985258637
0.15125,0.15416175101693147
0.15133333333333332,0.22010294399654326
0.15141666666666667,-0.10034018014796604
0.1515,-0.28286156378328353
0.15158333333333332,-0.056556751312214666
0.15166666666666667,0.037112325398681596
0.15175,0.014057663152264685
0.15183333333333332,-0.09861624357240552
0.15191666666666667,-0.2468161070562236
0.152,-0.020696160642079277
0.15208333333333332,0.1306046170751898
0.15216666666666667,-0.04497787571892245
0.15225,-0.12156344770989573
0.15233333333333332,-0.19979070716272143
0.15241666666666667,-0.028712110061123598
0.1525,-0.06530548406907116
0.15258333333333332,0.01899487925754763
0.15266666666666667,-0.1887227313439405
0.15275,-0.19805493455612205
0.15283333333333332,-0.09931789968845717
0.15291666666666667,-0.013852685940715107
0.153,-0.16300535889817513
0.15308333333333332,-0.12927102113922118
0.15316666666666667,-0.20000101719063684
0.15325,-0.06566880822150357
0.15333333333333332,-0.06542205518189587
0.15341666666666667,-0.10609447942913555
0.1535,-0.22207591509069147
0.15358333333333332,-0.15786630500922794
0.15366666666666667,-0.13851492584437242
0.15375,-0.12785371686382294
0.15383333333333332,-0.08899985518720796
0.15391666666666667,-0.24392440522061384
0.154,0.006411381596415966
0.15408333333333332,-0.10129009850150197
0.15416666666666667,-0.19557432013211035
0.15425,-0.21172456811089657
0.15433333333333332,-0.15201551467061142
0.15441666666666667,-0.22010590336119798
0.1545,-0.1716164146122399
0.15458333333333332,-0.11175985638544628
0.15466666666666667,-0.19087062424540036
0.15475,-0.11125281234782707
0.15483333333333332,-0.12867663415214356
0.15491666666666667,-0.15349719725138994
0.155,-0.20800957579093482
0.15508333333333332,-0.14931228582991168
0.15516666666666667,-0.17720558196356573
0.15525,-0.17059250607541773
0.15533333333333332,-0.2000030540219938
0.15541666666666668,-0.15174270702744086
0.1555,-0.12093322485169658
0.15558333333333332,-0.1401878022033934
0.15566666666666665,-0.20936615745688175
0.15575,-0.21177151552160012
0.15583333333333332,-0.15660733084226638
0.15591666666666665,-0.18018957150405907
0.156,-0.21655280837855653
0.15608333333333332,-0.1961817487509582
0.15616666666666665,-0.18797882730117285
0.15625,-0.11781464288382328
0.15633333333333332,0.6548088371135645
0.15641666666666665,0.06505431332876283
0.1565,-0.5923804731351094
0.15658333333333332,-0.6623759223660224
0.15666666666666665,-0.07190259033489993
0.15675,0.4148644562964366
0.15683333333333332,-0.10876902260981258
0.15691666666666665,-0.5432119677543217
0.157,-0.4556196681400637
0.15708333333333332,0.04041186945826937
0.15716666666666665,0.12277673428726339
0.15725,-0.18606096416948836
0.15733333333333333,-0.34956802750689037
0.15741666666666665,-0.363362475257039
0.1575,-0.05599923621900489
0.15758333333333333,0.02661214671182787
0.15766666666666665,-0.306889810495905
0.15775,-0.39257136734591647
0.15783333333333333,-0.1045976947846867
0.15791666666666665,-0.09361903463259466
0.158,-0.15370851006608466
0.15808333333333333,-0.25997891717521715
0.15816666666666665,-0.35603119127941163
0.15825,-0.29493801127350755
0.15833333333333333,-0.14855355061096262
0.15841666666666665,-0.16399497811471722
0.1585,-0.3055554727446615
0.15858333333333333,-0.28975582840643416
0.15866666666666665,-0.1327201893680388
0.15875,-0.21841286296560508
0.15883333333333333,-0.08022253552519851
0.15891666666666665,-0.27362687423494164
0.159,-0.31154943270111424
0.15908333333333333,-0.1496571091887023
0.15916666666666665,-0.13258193881913138
0.15925,-0.20106412199316934
0.15933333333333333,-0.20249243799407374
0.15941666666666665,-0.2490604217328985
0.1595,-0.17947342314490589
0.15958333333333333,-0.07799875026814376
0.15966666666666665,-0.13477883102634844
0.15975,-0.17983546295500963
0.15983333333333333,-0.2110208723830876
0.15991666666666665,-0.1594761418807676
0.16,-0.1229079310588925
0.16008333333333333,-0.2541588479453764
0.16016666666666665,-0.2252804659250442
0.16025,-0.186320811675263
0.16033333333333333,-0.03868803933466686
0.16041666666666665,-0.17845665592219595
0.1605,-0.12176443405043882
0.16058333333333333,-0.17665963914972704
0.16066666666666665,-0.18829694293593482
0.16075,-0.14834270009624095
0.16083333333333333,-0.2773232296191501
0.16091666666666665,-0.16905170685240822
0.161,-0.06814283587368078
0.16108333333333333,-0.1072522665892524
0.16116666666666665,-0.1730404576654997
0.16125,-0.24245141768041834
0.16133333333333333,-0.055277808023493774
0.16141666666666665,-0.19628259349930705
0.1615,-0.11344851741499945
0.16158333333333333,-0.17098649484001177
0.16166666666666665,-0.10657142015477775
0.16175,-0.07758362108849103
0.16183333333333333,-0.1520416442180464
0.16191666666666665,-0.2343513440177005
0.162,-0.15952369044594744
0.16208333333333333,-0.2076957639330948
0.16216666666666665,-0.08003929255440685
0.16225,-0.11869134697189529
0.16233333333333333,-0.09001816647266009
0.16241666666666665,-0.13533314671871843
0.1625,-0.1771708518935378
0.16258333333333333,0.5929823202856734
0.16266666666666665,0.1359140817123075
0.16275,-0.5585524735997468
0.16283333333333333,-0.6298557422190059
0.16291666666666665,0.014300208323153544
0.163,0.40666353020517043
0.16308333333333333,-0.02520713106575462
0.16316666666666665,-0.4507170154886156
0.16325,-0.3882447867867859
0.16333333333333333,0.04821307753965425
0.16341666666666665,0.21471220066176927
0.1635,-0.11492855687631415
0.16358333333333333,-0.3792651628092908
0.16366666666666665,-0.27791868210342974
0.16375,0.08152259861721789
0.16383333333333333,0.1282886540671117
0.16391666666666665,-0.11686355418472807
0.164,-0.21398681997030466
0.16408333333333333,-0.08190418962746476
0.16416666666666666,0.0851993551019099
0.16425,0.002534477439142661
0.16433333333333333,-0.12485210686625739
0.16441666666666666,-0.1590704992468399
0.1645,-0.11583194319667667
0.16458333333333333,-0.04639229108644852
0.16466666666666666,0.003426728201021915
0.16475,-0.1148170035702549
0.16483333333333333,-0.24422700831498312
0.16491666666666666,-0.02049258695310315
0.165,0.028005566745693405
0.16508333333333333,-0.07421472012013847
0.16516666666666666,-0.16260183750487384
0.16525,-0.10214018143086917
0.16533333333333333,-0.1050912928033065
0.16541666666666666,-0.07484461551998042
0.1655,-0.013339217685258638
0.16558333333333333,-0.16141301864809077
0.16566666666666666,0.0019505419203880159
0.16574999999999998,0.05660989830481657
0.16583333333333333,-0.008162723680636624
0.16591666666666666,-0.03468751930239314
0.16599999999999998,-0.07225219979572262
0.16608333333333333,0.03526694720151047
0.16616666666666666,0.039407370357624524
0.16624999999999998,0.0003587827995749841
0.16633333333333333,0.03139889958296973
0.16641666666666666,-0.019058919152575775
0.16649999999999998,0.01902903133344998
0.16658333333333333,-0.03473640897262869
0.16666666666666666,-0.07576970817328091
0.16674999999999998,0.03866842088673513
0.16683333333333333,0.034569871441281014
0.16691666666666666,-0.06892457082407487
0.16699999999999998,0.046878902514704376
0.16708333333333333,0.04552811655689508
0.16716666666666666,0.06016510689457116
0.16724999999999998,0.015254536317748956
0.16733333333333333,0.09093791471051452
0.16741666666666666,-0.01667605805897284
0.16749999999999998,0.06466499452347658
0.16758333333333333,-0.018474066644836314
0.16766666666666666,0.0717500775242618
0.16774999999999998,0.09922674359494549
0.16783333333333333,0.02772678404649063
0.16791666666666666,0.045673854376606864
0.16799999999999998,0.04875758581124792
0.16808333333333333,-0.0018381878715994088
0.16816666666666666,0.07055921671315973
0.16824999999999998,0.005797435003426332
0.16833333333333333,0.10359968154075488
0.16841666666666666,0.027749254398932985
0.16849999999999998,0.1053156761363752
0.16858333333333334,0.05449047819995642
0.16866666666666666,0.0760108483051233
0.16874999999999998,0.07952455409274195
0.16883333333333334,0.7112729181243114
0.16891666666666666,0.386879865810846
0.16899999999999998,-0.38672765250311986
0.16908333333333334,-0.39207424603636687
0.16916666666666666,0.19016570478085532
0.16924999999999998,0.6511359298798289
0.16933333333333334,0.25170705933650195
0.16941666666666666,-0.21403641416706157
0.16949999999999998,-0.17941770452236439
0.16958333333333334,0.2671354859821094
0.16966666666666666,0.35431996741767857
0.16974999999999998,-0.013178248975350637
0.16983333333333334,-0.16179382852167135
0.16991666666666666,0.014916699653057343
0.16999999999999998,0.26229830032426854
0.17008333333333334,0.3008126187894568
0.17016666666666666,0.07369892625032187
0.17024999999999998,-0.01269276855590181
0.17033333333333334,0.11144715766499257
0.17041666666666666,0.31499923565045634
0.17049999999999998,0.2918664665900385
0.17058333333333334,-0.0032652442854208263
0.17066666666666666,0.09789657201959172
0.17074999999999999,0.11109419170771473
0.17083333333333334,0.27498245872546845
0.17091666666666666,0.2841432438942066
0.17099999999999999,0.060633968903741925
0.17108333333333334,0.041655952357051475
0.17116666666666666,0.18592757506333085
0.17124999999999999,0.19474945163229504
0.17133333333333334,0.1578681275516302
0.17141666666666666,0.185577156726297
0.17149999999999999,0.16793029106377733
0.17158333333333334,0.29135987180319745
0.17166666666666666,0.2577058533630216
0.17174999999999999,0.24248710819522196
0.17183333333333334,0.1349782869152639
0.17191666666666666,0.17113984195062865
0.172,0.19868008565372883
0.17208333333333334,0.2426529275202335
0.17216666666666666,0.166876646166274
0.17225,0.1612756435219175
0.17233333333333334,0.13449942611380944
0.17241666666666666,0.22128247323290215
0.1725,0.11766003869566442
0.17258333333333334,0.2013316216618833
0.17266666666666666,0.10803788618540792
0.17275,0.24977992431389143
0.17283333333333334,0.137488329126971
0.17291666666666666,0.09715938109703086
0.173,0.23798827855190197
0.17308333333333334,0.2472528512574775
0.17316666666666666,0.21126920288069495
0.17325,0.1144103661055875
0.17333333333333334,0.18644921764212277
0.17341666666666666,0.20379177679672003
0.1735,0.1799286631915903
0.17358333333333334,0.23404859613456153
0.17366666666666666,0.12585550929760883
0.17375,0.1373794072609237
0.17383333333333334,0.1428482297581949
0.17391666666666666,0.2404667592096301
0.174,0.1828241915805114
0.17408333333333334,0.14411277746704226
0.17416666666666666,0.2626933887686945
0.17425,0.15904494396308555
0.17433333333333334,0.19632136105002135
0.17441666666666666,0.18105296415844757
0.1745,0.19999283858270353
0.17458333333333334,0.13903753580437692
0.17466666666666666,0.1558309991528623
0.17475,0.227199634599083
0.17483333333333334,0.14451315688382418
0.17491666666666666,0.2814422733811264
0.175,0.17308381273146706
0.17508333333333334,0.9247988041589335
0.17516666666666666,0.5002358680792537
0.17525,-0.2452957541245685
0.17533333333333334,-0.2840704447256083
0.17541666666666667,0.3894363064739079
0.1755,0.6689963357409304
0.17558333333333334,0.244211370059156
0.17566666666666667,-0.24544676669536375
0.17575,-0.08343420087801492
0.1758333333333333,0.35217110576639493
0.17591666666666667,0.45443713526194074
0.176,0.2825073608453519
0.17608333333333331,-0.032839955503286465
0.17616666666666667,0.020809942314928775
0.17625,0.42092349679470326
0.17633333333333331,0.3114484564020852
0.17641666666666667,0.1432845993897702
0.1765,-0.08034653845945285
0.17658333333333331,0.23277333451099402
0.17666666666666667,0.30979069535198106
0.17675,0.2289801677727539
0.17683333333333331,0.14297919812232412
0.17691666666666667,0.11607826587031109
0.177,0.1913847888464421
0.17708333333333331,0.27639447442221815
0.17716666666666667,0.2510763097805377
0.17725,0.06758993208910057
0.17733333333333332,0.1631689619117223
0.17741666666666667,0.21846487188366792
0.1775,0.21192252720174162
0.17758333333333332,0.1741973340822227
0.17766666666666667,0.14484378707772844
0.17775,0.17392569151807818
0.17783333333333332,0.29037646313774873
0.17791666666666667,0.1826992802740829
0.178,0.08490413891753146
0.17808333333333332,0.1659455115067071
0.17816666666666667,0.21273110159237907
0.17825,0.2375088012941728
0.17833333333333332,0.17492549672901472
0.17841666666666667,0.158289963891178
0.1785,0.10704282529018147
0.17858333333333332,0.1232976225236491
0.17866666666666667,0.16953549674746968
0.17875,0.13368638480482392
0.17883333333333332,0.21067668646805332
0.17891666666666667,0.08040469831532535
0.179,0.04344712145930417
0.17908333333333332,0.1755692870225131
0.17916666666666667,0.27226811150546826
0.17925,0.2035955698689101
0.17933333333333332,0.2000950907885521
0.17941666666666667,0.16332366823351138
0.1795,0.15801326946901814
0.17958333333333332,0.1822624302456277
0.17966666666666667,0.15225085159453491
0.17975,0.19773445693736275
0.17983333333333332,0.10558586627762291
0.17991666666666667,0.13631705056531943
0.18,0.07803681040819119
0.18008333333333332,0.14975556733413498
0.18016666666666667,0.1257984650027583
0.18025,0.08099498961615595
0.18033333333333332,0.08475072731272376
0.18041666666666667,0.07752385302384163
0.1805,0.1591673528853192
0.18058333333333332,0.1130919033012341
0.18066666666666667,0.013678984408838954
0.18075,0.08313713917694561
0.18083333333333332,0.08398020935993553
0.18091666666666667,0.11498960861085764
0.181,-0.06640403302833695
0.18108333333333332,0.041975946291729634
0.18116666666666667,0.04329529818882017
0.18125,0.08382090633745251
0.18133333333333332,0.733027544351165
0.18141666666666667,0.3456535095428481
0.1815,-0.34679105197633003
0.18158333333333332,-0.4617854530005129
0.18166666666666667,0.26250842678443703
0.18175,0.5113608014374322
0.18183333333333332,0.15509776280634532
0.18191666666666667,-0.2716832676873185
0.182,-0.16706075200316606
0.18208333333333332,0.22860129276242233
0.18216666666666667,0.3299574676927739
0.18225,-0.0511895548447702
0.18233333333333332,-0.25522894757381975
0.18241666666666667,-0.09316161126079035
0.1825,0.2246164995288808
0.18258333333333332,0.22703280802307008
0.18266666666666667,0.01935702027247935
0.18275,-0.10344551369365884
0.18283333333333332,-0.01721926829841563
0.18291666666666667,0.2386667166403837
0.183,0.12459147141111074
0.18308333333333332,-0.05018331101026572
0.18316666666666667,-0.14389000798210488
0.18325,0.004744238330523754
0.18333333333333332,0.1108902338799325
0.18341666666666667,0.03339216590970918
0.1835,-0.009883568806448875
0.18358333333333332,-0.1513180223200554
0.18366666666666667,0.0003990451216054512
0.18375,0.12836862088830173
0.18383333333333332,-0.0791236202614469
0.18391666666666667,-0.07954513972903347
0.184,-0.12085402918521916
0.18408333333333332,0.08745797908459058
0.18416666666666667,0.055280892200276974
0.18425,0.04651893896227408
0.18433333333333332,-0.04811896764240905
0.18441666666666667,-0.06452233116776379
0.1845,0.000720587910084499
0.18458333333333332,0.0027790284347068185
0.18466666666666667,-0.07883446376449131
0.18475,-0.03316891777069608
0.18483333333333332,-0.08924092075101385
0.18491666666666667,-0.12400308343155124
0.185,0.006600122823591785
0.18508333333333332,-0.13097725113865005
0.18516666666666667,0.04652657215078121
0.18525,-0.1243491910325148
0.18533333333333332,-0.10603506154153275
0.18541666666666667,-0.16035301094774557
0.1855,-0.06278773024381648
0.18558333333333332,-0.10746209250089256
0.18566666666666667,-0.13008508299159682
0.18575,-0.08566779330212201
0.18583333333333332,-0.07907264473053786
0.18591666666666665,-0.20213370912125922
0.186,-0.08614901641093052
0.18608333333333332,-0.25235015366788127
0.18616666666666665,-0.09479501305490834
0.18625,-0.1446079938493104
0.18633333333333332,-0.13219858667103185
0.18641666666666665,-0.11111894867205453
0.1865,-0.08931124999247116
0.18658333333333332,-0.1432840817826321
0.18666666666666665,-0.13468771925965936
0.18675,-0.08648077891861111
0.18683333333333332,-0.1799768150710895
0.18691666666666665,-0.10985381247225535
0.187,-0.06953899801219934
0.18708333333333332,-0.10616287436172978
0.18716666666666665,-0.10000114350201966
0.18725,-0.12205672609279242
0.18733333333333332,-0.17279985746042564
0.18741666666666665,-0.1795604432339648
0.1875,-0.1284130828726211
0.18758333333333332,0.6533782827613936
0.18766666666666665,0.2910805676865919
0.18775,-0.6005563153941545
0.18783333333333332,-0.6178404282749523
0.18791666666666665,-0.059274990066716944
0.188,0.31945539868293527
0.18808333333333332,-0.00557825191987478
0.18816666666666665,-0.5575933984710438
0.18825,-0.36808094251914264
0.18833333333333332,0.07585130901683566
0.18841666666666665,0.19397047675141202
0.1885,-0.14799945017941016
0.18858333333333333,-0.4779156721212603
0.18866666666666665,-0.2911622785134033
0.18875,-0.050275438753062
0.18883333333333333,-0.09478284406394971
0.18891666666666665,-0.21716432299647606
0.189,-0.33168450483290046
0.18908333333333333,-0.23179815946977478
0.18916666666666665,-0.09482076789562174
0.18925,-0.1166453303987169
0.18933333333333333,-0.21599148534356324
0.18941666666666665,-0.23258516327357098
0.1895,-0.23744691186183098
0.18958333333333333,-0.0565673497265634
0.18966666666666665,-0.20596826762773573
0.18975,-0.3060768753563375
0.18983333333333333,-0.2384137056256007
0.18991666666666665,-0.16834208121251482
0.19,-0.16470051101778277
0.19008333333333333,-0.27470143166286576
0.19016666666666665,-0.2985024737957053
0.19025,-0.25600009384040423
0.19033333333333333,-0.12818518473087173
0.19041666666666665,-0.16074044134044677
0.1905,-0.11765868005145627
0.19058333333333333,-0.24890951769318387
0.19066666666666665,-0.31219799315810226
0.19075,-0.2440096547453714
0.19083333333333333,-0.16979149844865557
0.19091666666666665,-0.18393110729991669
0.191,-0.21122515144960802
0.19108333333333333,-0.10562454877149938
0.19116666666666665,-0.2458131543550487
0.19125,-0.173912472150655
0.19133333333333333,-0.23820921009488552
0.19141666666666665,-0.22157867851683546
0.1915,-0.2107266913358025
0.19158333333333333,-0.13589626503814534
0.19166666666666665,-0.14737994579158345
0.19175,-0.14137494431257808
0.19183333333333333,-0.21480969551958454
0.19191666666666665,-0.1981444950270341
0.192,-0.18196871249719854
0.19208333333333333,-0.14253847448363183
0.19216666666666665,-0.23821006794960667
0.19225,-0.24765378066607482
0.19233333333333333,-0.21700671949306394
0.19241666666666665,-0.21012265282524548
0.1925,-0.18917319873037458
0.19258333333333333,-0.19391077503469822
0.19266666666666665,-0.19645267135623826
0.19275,-0.2556880756148451
0.19283333333333333,-0.10968535763268551
0.19291666666666665,-0.20537455117792383
0.193,-0.2549837049091782
0.19308333333333333,-0.1918743810847483
0.19316666666666665,-0.1486591557544511
0.19325,-0.27788809773563544
0.19333333333333333,-0.22577563898043643
0.19341666666666665,-0.2300459926134722
0.1935,-0.1466603707260047
0.19358333333333333,-0.24583837581583348
0.19366666666666665,-0.19843658634983513
0.19375,-0.16158314261939305
0.19383333333333333,0.5009890940970398
0.19391666666666665,0.1192543517729972
0.194,-0.6571475001158816
0.19408333333333333,-0.7261158028252077
0.19416666666666665,0.01992778591640726
0.19425,0.40176253401006223
0.19433333333333333,-0.07243277868782595
0.19441666666666665,-0.48565711735800954
0.1945,-0.4102002815515421
0.19458333333333333,0.06138626862473409
0.19466666666666665,0.132295166630472
0.19475,-0.2473481670171887
0.19483333333333333,-0.41235568933933986
0.19491666666666665,-0.24552666587325403
0.195,0.03952296166674718
0.19508333333333333,0.01936870451321222
0.19516666666666665,-0.18480755721439507
0.19525,-0.3467664086984108
0.19533333333333333,-0.17564973476059442
0.19541666666666666,0.034477841283367366
0.1955,-0.13720995816634524
0.19558333333333333,-0.23043649611188752
0.19566666666666666,-0.3303401401067627
0.19575,-0.16583067582608094
0.19583333333333333,0.026170947845479076
0.19591666666666666,-0.009600000520158414
0.19599999999999998,-0.11321804124465959
0.19608333333333333,-0.22575494400363733
0.19616666666666666,-0.025675626600436263
0.19624999999999998,-0.07160333828975057
0.19633333333333333,-0.10541580796835107
0.19641666666666666,-0.1242761105330965
0.19649999999999998,-0.06301414287215062
0.19658333333333333,-0.062196615965661534
0.19666666666666666,-0.12298695665918793
0.19674999999999998,-0.21178315877744375
0.19683333333333333,-0.14841140520000068
0.19691666666666666,-0.15720472160142573
0.19699999999999998,-0.136953356155469
0.19708333333333333,-0.11163490024045528
0.19716666666666666,-0.11770369531460237
0.19724999999999998,-0.1173883774883063
0.19733333333333333,-0.08651550314127905
0.19741666666666666,-0.09357689466904383
0.19749999999999998,-0.05296991455541879
0.19758333333333333,-0.09287218604027232
0.19766666666666666,-0.10450688269047399
0.19774999999999998,-0.09235817397256192
0.19783333333333333,-0.15745773748905598
0.19791666666666666,-0.07745495850458012
0.19799999999999998,-0.07529026870158964
0.19808333333333333,-0.09901250217247971
0.19816666666666666,-0.12398638153316416
0.19824999999999998,-0.06559433044403915
0.19833333333333333,-0.01907988985348586
0.19841666666666666,-0.025832892538445264
0.19849999999999998,-0.09758896034939879
0.19858333333333333,-0.019051504934352696
0.19866666666666666,-0.058727554625227704
0.19874999999999998,-0.10068678051004706
0.19883333333333333,-0.08450155581012413
0.19891666666666666,-0.05644526561498864
0.19899999999999998,-0.04837936682335399
0.19908333333333333,-0.023179745981425314
0.19916666666666666,-0.10983912783512136
0.19924999999999998,-0.0013754808530857844
0.19933333333333333,-0.06519903834680395
0.19941666666666666,0.02833597255971365
0.19949999999999998,-0.020610879081390858
0.19958333333333333,-0.006821548129897563
0.19966666666666666,-0.07456241564928742
0.19974999999999998,-0.0440652727976419
0.19983333333333334,-0.029003928452901267
0.19991666666666666,-0.007642331355847369
0.19999999999999998,0.0287376502199441
0.20008333333333334,0.6707940511810713
0.20016666666666666,0.39129105544073645
0.20024999999999998,-0.4773643107470789
0.20033333333333334,-0.501842962847154
0.20041666666666666,0.1572465211153823
0.20049999999999998,0.47644874342968113
0.20058333333333334,0.1544446195419366
0.20066666666666666,-0.29038442611704074
0.20074999999999998,-0.2080153992677663
0.20083333333333334,0.2111509038951745
0.20091666666666666,0.3342893263818371
0.20099999999999998,0.0680822571171158
0.20108333333333334,-0.20509210179748527
0.20116666666666666,-0.03744455681278204
0.20124999999999998,0.22717614703166641
0.20133333333333334,0.28264907456746824
0.20141666666666666,-0.06011200993764433
0.20149999999999998,-0.18404420074179212
0.20158333333333334,0.07307308997547499
0.20166666666666666,0.25420398543632544
0.20174999999999998,0.11392711392246377
0.20183333333333334,0.02193177833206588
0.20191666666666666,0.02054307166034254
0.20199999999999999,0.09623310714134638
0.20208333333333334,0.12829296609293053
0.20216666666666666,0.1598934370062845
0.20224999999999999,0.0731960270563832
0.20233333333333334,0.07276333798388468
0.20241666666666666,0.2142963180205547
0.20249999999999999,0.1814373917842525
0.20258333333333334,0.19502530926461747
0.20266666666666666,0.02940774165407617
0.20274999999999999,0.10339902654573785
0.20283333333333334,0.21446170035610404
0.20291666666666666,0.1257857074883319
0.20299999999999999,0.09873730826893781
0.20308333333333334,-0.015264159749609554
0.20316666666666666,0.20196111227849003
0.20325,0.13658971550245017
0.20333333333333334,0.193018940739194
0.20341666666666666,0.05485856630329511
0.2035,0.04102301446883007
0.20358333333333334,0.08650747029922048
0.20366666666666666,0.13815378842513518
0.20375,0.130415643541434
0.20383333333333334,0.08276864718552726
0.20391666666666666,0.17180427996012235
0.204,0.04132839830307741
0.20408333333333334,0.10894511165181778
0.20416666666666666,0.16491926159866796
0.20425,0.11428038419696628
0.20433333333333334,0.10718577113834757
0.20441666666666666,0.20842108613460156
0.2045,0.1489120101712606
0.20458333333333334,0.12370526801086501
0.20466666666666666,0.11791526887497678
0.20475,0.13173985714555625
0.20483333333333334,0.15771686132290125
0.20491666666666666,0.15240632711839316
0.205,0.19330151176306673
0.20508333333333334,0.1637808353482739
0.20516666666666666,0.23500796295253412
0.20525,0.2580773530358975
0.20533333333333334,0.2231301655308602
0.20541666666666666,0.17429184524505364
0.2055,0.12489869065036345
0.20558333333333334,0.3232676527402466
0.20566666666666666,0.23337129966665499
0.20575,0.10166957875880471
0.2058333333333333,0.20582517143728776
0.20591666666666666,0.2794850018897266
0.206,0.16622882448646928
0.2060833333333333,0.20463666149572227
0.20616666666666666,0.20041615738715207
0.20625,0.2397746001241623
0.2063333333333333,0.9167680560998267
0.20641666666666666,0.5068325417617684
0.2065,-0.23047772893942187
0.2065833333333333,-0.24957855562638148
0.20666666666666667,0.3491720021937836
0.20675,0.7571545209271116
0.2068333333333333,0.305106577276399
0.20691666666666667,-0.09581804122008471
0.207,-0.16752870713766094
0.2070833333333333,0.305234346610338
0.20716666666666667,0.4984639104103771
0.20725,0.21150400809930714
0.20733333333333331,-0.06590864325098357
0.20741666666666667,0.02943532661215706
0.2075,0.3345765028250822
0.20758333333333331,0.3887149846162986
0.20766666666666667,0.12384970086733679
0.20775,0.03417055579069528
0.20783333333333331,0.2087634443265041
0.20791666666666667,0.3035460561525698
0.208,0.3388072329579062
0.20808333333333331,0.07776919304500023
0.20816666666666667,0.03177545796369507
0.20825,0.1891659369719094
0.20833333333333331,0.28565322683361194
0.20841666666666667,0.26434522247712855
0.2085,0.08568103942610916
0.20858333333333332,0.15226173865579778
0.20866666666666667,0.263759937376504
0.20875,0.26265149672923566
0.20883333333333332,0.21233340618319987
0.20891666666666667,0.12846464897452667
0.209,0.16956166979004453
0.20908333333333332,0.11811049588783096
0.20916666666666667,0.2608436071008149
0.20925,0.1997617931348817
0.20933333333333332,0.07873703759650091
0.20941666666666667,0.190735597377104
0.2095,0.3147069594781609
0.20958333333333332,0.21658076519980118
0.20966666666666667,0.20894276509661633
0.20975,0.13982709513755442
0.20983333333333332,0.08771279399105125
0.20991666666666667,0.23363050769781699
0.21,0.23222074568323833
0.21008333333333332,0.1502808240278333
0.21016666666666667,0.1348920894161837
0.21025,0.22301376871786444
0.21033333333333332,0.24960525513739412
0.21041666666666667,0.2444658336800446
0.2105,0.34867322280639523
0.21058333333333332,0.14722922885762044
0.21066666666666667,0.20564426658732055
0.21075,0.19934685073893987
0.21083333333333332,0.16517062900320462
0.21091666666666667,0.1637617680726797
0.211,0.20676651541924554
0.21108333333333332,0.21444710762391114
0.21116666666666667,0.2734973854438697
0.21125,0.19905461032809768
0.21133333333333332,0.18538069852699818
0.21141666666666667,0.14236015284236794
0.2115,0.04575112736176483
0.21158333333333332,0.17587113189453168
0.21166666666666667,0.25023388591161344
0.21175,0.19690291182403288
0.21183333333333332,0.16572111581300925
0.21191666666666667,0.17428103555222418
0.212,0.23065143046990957
0.21208333333333332,0.2478775260839122
0.21216666666666667,0.1457137773335811
0.21225,0.13811144718589013
0.21233333333333332,0.13019069299353586
0.21241666666666667,0.14976469362161254
0.2125,0.13437840853882524
0.21258333333333332,0.8226461946938074
0.21266666666666667,0.3264477955517608
0.21275,-0.2959531674690513
0.21283333333333332,-0.3017349683703966
0.21291666666666667,0.3095247906887991
0.213,0.622782540776077
0.21308333333333332,0.1918584342480865
0.21316666666666667,-0.2832086654412061
0.21325,-0.13204803334901036
0.21333333333333332,0.1908241770981582
0.21341666666666667,0.407704633766378
0.2135,0.10023033918986753
0.21358333333333332,-0.12519237997474852
0.21366666666666667,-0.021980062526678546
0.21375,0.20874663572872715
0.21383333333333332,0.2438645198923003
0.21391666666666667,0.10852932224107772
0.214,-0.0426251081673898
0.21408333333333332,0.060113607266658986
0.21416666666666667,0.22516943898292327
0.21425,0.2036068321758123
0.21433333333333332,0.11789792415795729
0.21441666666666667,-0.05001006607065832
0.2145,0.10345046944681793
0.21458333333333332,0.26717458656143955
0.21466666666666667,0.14685444950405566
0.21475,0.02851100462487755
0.21483333333333332,-0.04788656037980351
0.21491666666666667,0.1332268781504651
0.215,0.1129789325122136
0.21508333333333332,0.06388934278608736
0.21516666666666667,-0.015245485478105097
0.21525,0.010207203172891834
0.21533333333333332,0.13534683818152954
0.21541666666666667,0.04308708281327396
0.2155,0.011904036819671407
0.21558333333333332,0.028055795953829128
0.21566666666666667,-0.057397773109248096
0.21575,-0.031365226380882696
0.21583333333333332,0.06534352887736453
0.21591666666666665,0.07986354199991758
0.216,-0.06670117591696047
0.21608333333333332,-0.0465183119100111
0.21616666666666665,0.09746019899838586
0.21625,0.056605896576986656
0.21633333333333332,-0.015265445589489973
0.21641666666666665,0.0012282967916159146
0.2165,-0.0025264825301115823
0.21658333333333332,-0.01425019654271753
0.21666666666666665,0.04876471289496328
0.21675,0.009877798200810493
0.21683333333333332,0.02751966484975093
0.21691666666666665,0.024262129035917963
0.217,-0.033112629737286986
0.21708333333333332,-0.02174453694173333
0.21716666666666665,-0.02583812387497436
0.21725,-0.02351621069608103
0.21733333333333332,0.047329826272448985
0.21741666666666665,0.012930814283256886
0.2175,-0.1272076452377798
0.21758333333333332,0.004758487914188876
0.21766666666666665,-0.08210548480270975
0.21775,-0.110332406797747
0.21783333333333332,-0.020203233486601635
0.21791666666666665,-0.06514387261067138
0.218,-0.01726810673521846
0.21808333333333332,-0.09146973066459099
0.21816666666666665,-0.07403195929286283
0.21825,-0.05531159468164931
0.21833333333333332,0.021143978370729476
0.21841666666666665,-0.10137691535476397
0.2185,-0.01648158175137368
0.21858333333333332,0.0596477649162141
0.21866666666666665,-0.01119763439453713
0.21875,-0.12403143659348298
0.21883333333333332,0.6430382738362022
0.21891666666666665,0.24664860766152422
0.219,-0.5925963176904862
0.21908333333333332,-0.5393746925466848
0.21916666666666665,0.0669699471726615
0.21925,0.3644455756257032
0.21933333333333332,0.11949937621102778
0.21941666666666665,-0.5151543769284791
0.2195,-0.45707295172787993
0.21958333333333332,-0.015024814823799817
0.21966666666666665,0.23850453713223488
0.21975,-0.12099596902905291
0.21983333333333333,-0.4288653523843131
0.21991666666666665,-0.2600444257775975
0.22,0.07579916823236164
0.22008333333333333,0.008646270465559838
0.22016666666666665,-0.19006455361391145
0.22025,-0.35235250813653624
0.22033333333333333,-0.2924060846498491
0.22041666666666665,-0.09624263160347564
0.2205,-0.0870763416256923
0.22058333333333333,-0.1585810868873986
0.22066666666666665,-0.2239491172921641
0.22075,-0.1092222254064044
0.22083333333333333,-0.0365433296932646
0.22091666666666665,-0.07080694336692223
0.221,-0.20942160882012162
0.22108333333333333,-0.21829072000697086
0.22116666666666665,-0.04236667800391175
0.22125,-0.10935142295435156
0.22133333333333333,-0.18706011736858846
0.22141666666666665,-0.1730441852369503
0.2215,-0.20488784482368927
0.22158333333333333,-0.11263799144200333
0.22166666666666665,-0.10516393125436968
0.22175,-0.12680369920750947
0.22183333333333333,-0.15620782921969983
0.22191666666666665,-0.1140061110482997
0.222,-0.002500749228970839
0.22208333333333333,-0.13863186529293894
0.22216666666666665,-0.16675582550978724
0.22225,-0.3165405065834542
0.22233333333333333,-0.12436648346682562
0.22241666666666665,-0.17004686144932635
0.2225,-0.08309346704750058
0.22258333333333333,-0.14886238629443432
0.22266666666666665,-0.2114245372766206
0.22275,-0.22136014252083597
0.22283333333333333,-0.24243369214338698
0.22291666666666665,-0.22468327088249065
0.223,-0.18319724517758612
0.22308333333333333,-0.1443097335785034
0.22316666666666665,-0.18048170306316938
0.22325,-0.11309851854961032
0.22333333333333333,-0.19835309682820418
0.22341666666666665,-0.0836847077568623
0.2235,-0.26780051326071597
0.22358333333333333,-0.20893228356210125
0.22366666666666665,-0.2158559961614587
0.22375,-0.147525397451289
0.22383333333333333,-0.16146735179324828
0.22391666666666665,-0.17865141329730608
0.224,-0.1507207636734254
0.22408333333333333,-0.24291596665657764
0.22416666666666665,-0.16193273189252044
0.22425,-0.13035381426429088
0.22433333333333333,-0.15260814751064644
0.22441666666666665,-0.26274355612235295
0.2245,-0.23021870850473142
0.22458333333333333,-0.11130077873119025
0.22466666666666665,-0.22576349475302399
0.22475,-0.16775559954315117
0.22483333333333333,-0.13917535287644955
0.22491666666666665,-0.2282357050010832
0.225,-0.15779123924440333
0.22508333333333333,0.5234843628524605
0.22516666666666665,0.19501292057699665
0.22525,-0.6289880351665507
0.22533333333333333,-0.6689748707337867
0.22541666666666665,-0.08519413402754937
0.2255,0.21772126757958454
0.22558333333333333,-0.08335525733970488
0.22566666666666665,-0.5825709817518407
0.22575,-0.467478924677443
0.22583333333333333,0.0023439625956243326
0.22591666666666665,0.05732495717752891
0.22599999999999998,-0.22224384736462802
0.22608333333333333,-0.38010762947029214
0.22616666666666665,-0.321808993617796
0.22624999999999998,-0.017247192526232698
0.22633333333333333,-0.0021818408661172795
0.22641666666666665,-0.3294793242635158
0.22649999999999998,-0.3518192337541273
0.22658333333333333,-0.23198955090782394
0.22666666666666666,-0.0766692093017678
0.22674999999999998,-0.035250589606850444
0.22683333333333333,-0.28559780189969597
0.22691666666666666,-0.22277953723970784
0.22699999999999998,-0.11352236829214814
0.22708333333333333,-0.15636702926094137
0.22716666666666666,-0.15790113172296105
0.22724999999999998,-0.20805546385059753
0.22733333333333333,-0.2050043988698727
0.22741666666666666,-0.12377978273828119
0.22749999999999998,-0.08239519463470396
0.22758333333333333,-0.06083608092757735
0.22766666666666666,-0.25490369011587216
0.22774999999999998,-0.17725433786933947
0.22783333333333333,-0.16286403986117054
0.22791666666666666,-0.16566626977311377
0.22799999999999998,-0.16989725062849248
0.22808333333333333,-0.1721379230202326
0.22816666666666666,-0.14697593591170405
0.22824999999999998,-0.1515153107486145
0.22833333333333333,-0.1251124955711621
0.22841666666666666,-0.25708609580446956
0.22849999999999998,-0.20587344524580029
0.22858333333333333,-0.13998247885385473
0.22866666666666666,-0.10936890591945601
0.22874999999999998,-0.21372420905440792
0.22883333333333333,-0.16373456990405763
0.22891666666666666,-0.10927490695470249
0.22899999999999998,-0.1258371572532329
0.22908333333333333,-0.15357167450483553
0.22916666666666666,-0.1111031907969714
0.22924999999999998,-0.13739012231424066
0.22933333333333333,-0.08308548901615506
0.22941666666666666,-0.12167269393135233
0.22949999999999998,-0.13286059938683353
0.22958333333333333,-0.13256500122051926
0.22966666666666666,-0.14676406107492135
0.22974999999999998,-0.08644859754651882
0.22983333333333333,-0.16771922350792776
0.22991666666666666,-0.10366822723483847
0.22999999999999998,-0.2843767710047815
0.23008333333333333,-0.06913293219552394
0.23016666666666666,-0.05911888708076256
0.23024999999999998,-0.15335599507072395
0.23033333333333333,-0.04808743816979995
0.23041666666666666,-0.16345771708534734
0.23049999999999998,-0.023782382593393214
0.23058333333333333,-0.1029852237412713
0.23066666666666666,-0.03411863417587096
0.23074999999999998,-0.1614153184572176
0.23083333333333333,-0.07230128797359495
0.23091666666666666,-0.12503074723689306
0.23099999999999998,-0.12208113468121846
0.23108333333333334,-0.038408753396586615
0.23116666666666666,0.0022998854322849593
0.23124999999999998,-0.01594756429488864
0.23133333333333334,0.6611005146156886
0.23141666666666666,0.3412490963291095
0.23149999999999998,-0.5175247885895686
0.23158333333333334,-0.5733654131592528
0.23166666666666666,0.07658358500537478
0.23174999999999998,0.3811770092854712
0.23183333333333334,0.17982040671132826
0.23191666666666666,-0.3753903619616673
0.23199999999999998,-0.2858322664511809
0.23208333333333334,0.07578233769278994
0.23216666666666666,0.1596857826919446
0.23224999999999998,-0.03520234330911653
0.23233333333333334,-0.3187223065828799
0.23241666666666666,-0.2055199423819693
0.23249999999999998,0.07116637180852572
0.23258333333333334,0.18578011333739292
0.23266666666666666,-0.12150773184754213
0.23274999999999998,-0.22244773794392925
0.23283333333333334,-0.1482167038845586
0.23291666666666666,0.16238197437946567
0.23299999999999998,0.06877054928198831
0.23308333333333334,-0.13052055314686759
0.23316666666666666,-0.15398557194283738
0.23324999999999999,-0.03883891333376623
0.23333333333333334,0.07616894623320458
0.23341666666666666,0.04955138622185467
0.23349999999999999,-0.08283588346990901
0.23358333333333334,-0.1259356196878709
0.23366666666666666,0.03930970596643609
0.23374999999999999,0.058188907376828324
0.23383333333333334,0.025454273398605145
0.23391666666666666,-0.0032163469764892386
0.23399999999999999,-0.05065893646427387
0.23408333333333334,0.14072524550418236
0.23416666666666666,0.0747675647125194
0.23424999999999999,0.020791388144832987
0.23433333333333334,0.09775300637190094
0.23441666666666666,-0.016663310369945356
0.2345,0.08744978227996536
0.23458333333333334,0.11686631690158866
0.23466666666666666,0.004302112465582167
0.23475,0.08970836296064631
0.23483333333333334,0.10196291650716027
0.23491666666666666,0.15451139878910428
0.235,0.10593948385814003
0.23508333333333334,0.0663711119783258
0.23516666666666666,-0.0029904629357990486
0.23525,0.1130710460809236
0.23533333333333334,0.11376978088531678
0.23541666666666666,0.05645716244047466
0.2355,0.023201489777707862
0.23558333333333334,0.08612678474666056
0.23566666666666666,0.1305592965559345
0.23575,0.10445034297658319
0.23583333333333334,0.21937352371300642
0.23591666666666666,0.028820050906846764
0.236,0.06921516840441985
0.2360833333333333,0.15183502080213887
0.23616666666666666,0.08939903693612616
0.23625,0.1048925348627533
0.2363333333333333,0.13264314254319476
0.23641666666666666,0.12590195722147732
0.2365,0.12256083627293055
0.2365833333333333,0.10533483850817146
0.23666666666666666,0.10684395377467147
0.23675,0.21341607502172605
0.2368333333333333,0.19522746601225882
0.23691666666666666,0.16994915199752822
0.237,0.06346765086404636
0.2370833333333333,0.13964058888009298
0.23716666666666666,0.1441050032928211
0.23725,0.08113598584293555
0.2373333333333333,0.17884038863331314
0.23741666666666666,0.06493379863118907
0.2375,0.2014664821722602
0.2375833333333333,0.8669794505721248
0.23766666666666666,0.46255919771143356
0.23775,-0.2758860118188502
0.2378333333333333,-0.32246981573918476
0.23791666666666667,0.23330439108856185
0.238,0.6106524593379509
0.2380833333333333,0.2810342034223783
0.23816666666666667,-0.14630221447517067
0.23825,-0.14601503112371483
0.2383333333333333,0.2752162283377817
0.23841666666666667,0.5080973250648122
0.2385,0.18602529542429552
0.23858333333333331,-0.08045114842243467
0.23866666666666667,0.11293629774491579
0.23875,0.2772869830266801
0.23883333333333331,0.3908233080188811
0.23891666666666667,0.15000965097548083
0.239,-0.010623161726536323
0.23908333333333331,0.20018452725574545
0.23916666666666667,0.4145746545685269
0.23925,0.21743584411343045
0.23933333333333331,0.09061643236120509
0.23941666666666667,0.07647439570875107
0.2395,0.2703600221901866
0.23958333333333331,0.27982283499115457
0.23966666666666667,0.3349558658577315
0.23975,0.13373486498296747
0.23983333333333332,0.10577440439418621
0.23991666666666667,0.16746166112213975
0.24,0.17839804494681255
0.24008333333333332,0.2252360529996275
0.24016666666666667,0.13035109993019797
0.24025,0.16603852162711058
0.24033333333333332,0.2735724565544437
0.24041666666666667,0.2804846301823658
0.2405,0.22517058912739707
0.24058333333333332,0.16235654571091407
0.24066666666666667,0.17274537548968208
0.24075,0.14634538521057372
0.24083333333333332,0.22433731063826107
0.24091666666666667,0.19944049772758737
0.241,0.18565987795378008
0.24108333333333332,0.23878243189669895
0.24116666666666667,0.19837023191602482
0.24125,0.23011916685764613
0.24133333333333332,0.17747248386530096
0.24141666666666667,0.13167303730692698
0.2415,0.21229030434364146
0.24158333333333332,0.2619472451515399
0.24166666666666667,0.2377269736467898
0.24175,0.2195835776002494
0.24183333333333332,0.22715371174760954
0.24191666666666667,0.2560863484793505
0.242,0.2606566329333103
0.24208333333333332,0.18453118219217357
0.24216666666666667,0.12040821549135884
0.24225,0.20774400304209817
0.24233333333333332,0.20244183786653863
0.24241666666666667,0.17700543192933987
0.2425,0.20792357684992993
0.24258333333333332,0.1616437085290381
0.24266666666666667,0.1410773327108648
0.24275,0.25537433015626065
0.24283333333333332,0.14025333808346818
0.24291666666666667,0.2578044062348005
0.243,0.16263521287511892
0.24308333333333332,0.2626241569218088
0.24316666666666667,0.14943447223820314
0.24325,0.08407307417626875
0.24333333333333332,0.1598936026182422
0.24341666666666667,0.16221238177799344
0.2435,0.08640936400458767
0.24358333333333332,0.15533976149009887
0.24366666666666667,0.07345270079575189
0.24375,0.22563828021319196
0.24383333333333332,0.9110163700735793
0.24391666666666667,0.524041909097444
0.244,-0.22916819649358666
0.24408333333333332,-0.24060611424949202
0.24416666666666667,0.30922963168452505
0.24425,0.6440788739064242
0.24433333333333332,0.4070651565646831
0.24441666666666667,-0.09582763682788403
0.2445,-0.1131973492043589
0.24458333333333332,0.32772206456253916
0.24466666666666667,0.4903935600796721
0.24475,0.0831062298041266
0.24483333333333332,-0.13547792563818228
0.24491666666666667,0.04306531118941778
0.245,0.2433908344543646
0.24508333333333332,0.2634072823221142
0.24516666666666667,0.029689652109582146
0.24525,-0.04778242661741253
0.24533333333333332,0.019574792972441787
0.24541666666666667,0.22105151741724272
0.2455,0.22415961718130978
0.24558333333333332,0.1129917508639258
0.24566666666666667,-0.024125950899575477
0.24575,0.1435347713564523
0.24583333333333332,0.2372276609986597
0.24591666666666667,0.19603071220376564
0.246,0.1626168484484444
0.24608333333333332,0.11750451948455373
0.24616666666666664,0.09860435397618134
0.24625,0.214544068366295
0.24633333333333332,0.1619830433800592
0.24641666666666664,0.17058075660788932
0.2465,0.11636997618603585
0.24658333333333332,0.2084037110828061
0.24666666666666665,0.11363097538171371
0.24675,0.0992634294105267
0.24683333333333332,0.06429205458827544
0.24691666666666665,0.17881255226867038
0.247,0.11910209578237514
0.24708333333333332,0.15773727109991917
0.24716666666666665,0.10889964501204275
0.24725,0.16320677597224298
0.24733333333333332,0.16709910067475453
0.24741666666666665,0.1503726947163121
0.2475,0.17254304872232595
0.24758333333333332,0.06259155863324589
0.24766666666666665,0.15157360472071163
0.24775,0.06791084589873685
0.24783333333333332,0.10705018326788904
0.24791666666666665,0.08369454069554731
0.248,0.1067049163103323
0.24808333333333332,-0.0260954549410478
0.24816666666666665,-0.03470059878629966
0.24825,0.07710925162395552
0.24833333333333332,0.04739925706120955
0.24841666666666665,-0.015393381907975949
0.2485,0.1345037734817405
0.24858333333333332,0.046588240296453476
0.24866666666666665,0.004527527289743677
0.24875,0.01950016220545841
0.24883333333333332,0.08519748983233665
0.24891666666666665,0.036042119557551995
0.249,0.0487647184311812
0.24908333333333332,-0.03461733322019216
0.24916666666666665,-0.006418346996738343
0.24925,0.057046137798547794
0.24933333333333332,0.07830518395693382
0.24941666666666665,-0.06931817772047094
0.2495,0.020188963116801257
0.24958333333333332,-0.022047781342972143
0.24966666666666665,0.0507705384720303
0.24975,0.02645798946748741
0.24983333333333332,0.019072602125286164
0.24991666666666665,0.0027166982347847667
0.25,0.002165738150718142
0.2500833333333333,0.7236933950220616
0.25016666666666665,0.38876092783878463
0.25025,-0.39858593213885185
0.25033333333333335,-0.5855441115752734
0.2504166666666667,0.1190471187083241
0.2505,0.4047334996858297
0.2505833333333333,0.09732240461936527
0.25066666666666665,-0.3692417298267283
0.25075,-0.33160673338845714
0.25083333333333335,0.06151396511574864
0.2509166666666667,0.27808329408223387
0.251,0.014021728842490533
0.2510833333333333,-0.232896105326425
0.25116666666666665,-0.2070612694008571
0.25125,0.09962101491653974
0.2513333333333333,0.1024297432803296
0.2514166666666667,-0.14785845890693317
0.2515,-0.32100945822582116
0.2515833333333333,-0.10120071340759779
0.25166666666666665,0.08052770698462398
0.25175,0.031382993947815435
0.2518333333333333,-0.15902994458952924
0.2519166666666667,-0.18035082982405023
0.252,-0.0694962176304979
0.2520833333333333,-0.05201270378788245
0.25216666666666665,-0.0620642390266543
0.25225,-0.10832147761879837
0.2523333333333333,-0.1017023069193438
0.2524166666666667,-0.15461916007080834
0.2525,-0.10774560862162708
0.2525833333333333,-0.04527919437125004
0.25266666666666665,-0.10695647028166141
0.25275,-0.09665667128826297
0.2528333333333333,-0.0536569502354248
0.2529166666666667,-0.09221013676916479
0.253,-0.11759909457799272
0.2530833333333333,-0.10106234848739612
0.25316666666666665,-0.06376437208509937
0.25325,-0.12822780297343464
0.2533333333333333,-0.11457223676030334
0.2534166666666667,-0.1445288081904276
0.2535,-0.24430738265972277
0.2535833333333333,-0.10246093674390488
0.25366666666666665,-0.12584289383729083
0.25375,-0.08497563422519847
0.2538333333333333,-0.07804524955114657
0.2539166666666667,-0.08280345942185184
0.254,-0.17130924468589642
0.2540833333333333,-0.08978791046829347
0.25416666666666665,-0.09128621128425915
0.25425,-0.13619795266221751
0.2543333333333333,-0.16400292509189493
0.2544166666666667,-0.17769178245911593
0.2545,-0.1403859563476737
0.25458333333333333,-0.06395751142452055
0.25466666666666665,-0.07798294845760005
0.25475,-0.24352006144881277
0.2548333333333333,-0.17728380372626107
0.2549166666666667,-0.11786125790746213
0.255,-0.15875659520938662
0.25508333333333333,-0.16054766928855
0.25516666666666665,-0.20637274884929582
0.25525,-0.10797006426959435
0.2553333333333333,-0.04350586014088101
0.2554166666666667,-0.1643145507366
0.2555,-0.2173494459284841
0.25558333333333333,-0.17768714571416433
0.25566666666666665,-0.1775813041904076
0.25575,-0.10177799825518134
0.2558333333333333,-0.224213810767489
0.2559166666666667,-0.16971013279008218
0.256,-0.23804759527454822
0.25608333333333333,-0.11726213779333029
0.25616666666666665,-0.11453617359122678
0.25625,-0.3017439778526133
0.2563333333333333,0.5380747579643815
0.2564166666666667,0.14725432490681764
0.2565,-0.637850990950571
0.25658333333333333,-0.7028464544267811
0.25666666666666665,-0.06169816917559419
0.25675,0.33351501226604624
0.2568333333333333,-0.05257134295867017
0.2569166666666667,-0.5151554770329781
0.257,-0.468648654558355
0.25708333333333333,0.010926292771578465
0.25716666666666665,0.17935337933007478
0.25725,-0.12908826987069794
0.2573333333333333,-0.41142907601841705
0.2574166666666667,-0.36108481132271636
0.2575,-0.06783631170465249
0.25758333333333333,-0.04270808913051152
0.25766666666666665,-0.328606743191076
0.25775,-0.4378190117475685
0.2578333333333333,-0.29740632356792396
0.2579166666666667,-0.09104758323151887
0.258,-0.08196276212636415
0.25808333333333333,-0.3286554471144686
0.25816666666666666,-0.32904326025352587
0.25825,-0.18984673267913993
0.2583333333333333,-0.16134051533366572
0.2584166666666667,-0.18623747092428894
0.2585,-0.2141634783145659
0.25858333333333333,-0.21322327988852968
0.25866666666666666,-0.22789537101247329
0.25875,-0.21969091462270463
0.2588333333333333,-0.17436530839602746
0.2589166666666667,-0.2136419706414329
0.259,-0.2993069647856645
0.25908333333333333,-0.138233116969389
0.25916666666666666,-0.18058134708633414
0.25925,-0.27254018481359765
0.2593333333333333,-0.26375699909106753
0.2594166666666667,-0.2567199762203085
0.2595,-0.19397993897774995
0.25958333333333333,-0.2031778519988427
0.25966666666666666,-0.1287114368257008
0.25975,-0.30317464509882813
0.2598333333333333,-0.22343871452209674
0.2599166666666667,-0.18721504119963542
0.26,-0.15492405018660027
0.26008333333333333,-0.19359924869315379
0.26016666666666666,-0.2012506547344304
0.26025,-0.17900822310067177
0.2603333333333333,-0.13844602703871767
0.2604166666666667,-0.2498316821838708
0.2605,-0.08037379876604724
0.26058333333333333,-0.28217389719442554
0.26066666666666666,-0.23418244573373068
0.26075,-0.18455500878955125
0.2608333333333333,-0.16069374739746517
0.2609166666666667,-0.11174285589344206
0.261,-0.2281629010731284
0.26108333333333333,-0.11154264630613166
0.26116666666666666,-0.22846814647671765
0.26125,-0.02348883105469937
0.2613333333333333,-0.183089930615428
0.26141666666666663,-0.15688610970567576
0.2615,-0.12487675456905172
0.26158333333333333,-0.06854666300017945
0.26166666666666666,-0.2007528779394767
0.26175,-0.11723435309758573
0.2618333333333333,-0.17071626585520422
0.26191666666666663,-0.12467464104912071
0.262,-0.19101926767384064
0.26208333333333333,0.006632259786196942
0.26216666666666666,-0.1684399763796291
0.26225,-0.06082933427417214
0.2623333333333333,-0.11311934421947911
0.26241666666666663,-0.03185763596564793
0.2625,-0.18059017703075575
0.26258333333333334,0.5849093617960558
0.26266666666666666,0.19450763807794716
0.26275,-0.48285433316419
0.2628333333333333,-0.6521307600165215
0.26291666666666663,8.947784183870999e-05
0.263,0.3656506480805257
0.26308333333333334,0.06144384036909521
0.26316666666666666,-0.44725402170068446
0.26325,-0.48620918908303395
0.2633333333333333,0.023298423483627574
0.26341666666666663,0.16038012430293952
0.2635,-0.10592081033691629
0.26358333333333334,-0.42747058483845857
0.26366666666666666,-0.2112044093143457
0.26375,0.029184397256760898
0.2638333333333333,0.17176755336139687
0.26391666666666663,-0.13311899662145316
0.264,-0.37664443082789983
0.26408333333333334,-0.10406445970286093
0.26416666666666666,0.03616900939401065
0.26425,0.0317899082877879
0.2643333333333333,-0.14525800884306708
0.26441666666666663,-0.16789854679985297
0.2645,-0.13284365738998632
0.26458333333333334,-0.005507273170289789
0.26466666666666666,-0.011224016467893248
0.26475,-0.14029556601459675
0.2648333333333333,-0.09898431698425209
0.26491666666666663,-0.13993573166418288
0.265,0.026433451248747547
0.26508333333333334,0.007391356200382747
0.26516666666666666,-0.23408212791345906
0.26525,-0.15634216117914673
0.2653333333333333,0.014699112236391112
0.26541666666666663,-0.03500923128199413
0.2655,-0.048913803386367756
0.26558333333333334,-0.0362881285278459
0.26566666666666666,-0.013141798012116089
0.26575,0.020247389666501518
0.2658333333333333,0.036629711758237773
0.26591666666666663,-0.05034585064655017
0.266,-0.028920273902155905
0.26608333333333334,0.005305441425748462
0.26616666666666666,-0.05402194727218808
0.26625,-0.023411203524396636
0.2663333333333333,-0.06985795979741988
0.26641666666666663,-0.021748410451728307
0.2665,-0.055206885418758574
0.26658333333333334,0.025095983465317065
0.26666666666666666,-0.1237980925922189
0.26675,0.11785560800957622
0.2668333333333333,0.0321102502769213
0.26691666666666664,-0.04527718144188535
0.267,0.09830442088545568
0.26708333333333334,-0.0014172715961835516
0.26716666666666666,0.038528411170083626
0.26725,0.015329905229853195
0.2673333333333333,-0.03474152024060391
0.26741666666666664,0.03218675897922793
0.2675,0.10441936519735812
0.26758333333333334,0.0713281072760687
0.26766666666666666,0.12819958949459015
0.26775,0.06299005488606231
0.2678333333333333,0.09503221627176865
0.26791666666666664,0.04681763841498146
0.268,0.017627166723677777
0.26808333333333334,0.11238056936082866
0.26816666666666666,0.01211642714611822
0.26825,0.10202247272695333
0.2683333333333333,0.07054345481071012
0.26841666666666664,0.1329373911675776
0.2685,0.07396822372806316
0.26858333333333334,0.0418803218320927
0.26866666666666666,0.17789641597579878
0.26875,0.10212557199700473
0.2688333333333333,0.8024950301033611
0.26891666666666664,0.4617716341709398
0.269,-0.37291334184514785
0.26908333333333334,-0.4779523073193533
0.26916666666666667,0.3055276365561031
0.26925,0.41456469547411345
0.2693333333333333,0.14610988940483594
0.26941666666666664,-0.20391643456740965
0.2695,-0.059907640790938715
0.26958333333333334,0.2630157661654083
0.26966666666666667,0.4066576440248082
0.26975,0.07776525563872208
0.2698333333333333,-0.11048352597020908
0.26991666666666664,-0.08359364693031592
0.27,0.22026473930520912
0.27008333333333334,0.3398808897228964
0.27016666666666667,0.1070158037327199
0.27025,-0.026758333928445347
0.2703333333333333,0.11422939937486588
0.27041666666666664,0.25209434848916257
0.2705,0.2301178305799012
0.27058333333333334,0.10736289370513091
0.27066666666666667,-0.03822372646456963
0.27075,0.0847554968988995
0.2708333333333333,0.18553694898123985
0.27091666666666664,0.2119199360279476
0.271,0.10031896630882428
0.27108333333333334,0.03152191146625198
0.27116666666666667,0.07421890802450438
0.27125,0.22803241369527516
0.2713333333333333,0.14598764511768475
0.27141666666666664,0.1448292256049098
0.27149999999999996,0.2139530639979441
0.27158333333333334,0.222656159673386
0.27166666666666667,0.2197785596551603
0.27175,0.1181192090634369
0.2718333333333333,0.15892897694102304
0.27191666666666664,0.04565033795338608
0.27199999999999996,0.2673043676807107
0.27208333333333334,0.1871446971466875
0.27216666666666667,0.13588928573006798
0.27225,0.1692505025179062
0.2723333333333333,0.10962662679624564
0.27241666666666664,0.2789784869116838
0.27249999999999996,0.21901688916892792
0.27258333333333334,0.10972374142974897
0.27266666666666667,0.18441404157190108
0.27275,0.11871972410538385
0.2728333333333333,0.14411472986677143
0.27291666666666664,0.22645776118515812
0.27299999999999996,0.20654306136764813
0.27308333333333334,0.13083256031045085
0.27316666666666667,0.243384870693387
0.27325,0.16902061741521573
0.2733333333333333,0.11568774715944055
0.27341666666666664,0.2401145582828006
0.27349999999999997,0.19117416086343256
0.27358333333333335,0.16110659820888157
0.27366666666666667,0.26408333743718226
0.27375,0.21805640803556844
0.2738333333333333,0.16079437133140062
0.27391666666666664,0.15036916928869898
0.27399999999999997,0.13136946889060253
0.27408333333333335,0.1405216325712858
0.27416666666666667,0.11511526711699556
0.27425,0.1672125052180449
0.2743333333333333,0.1860494144645175
0.27441666666666664,0.17100386650085142
0.27449999999999997,0.16765423066398277
0.27458333333333335,0.195423167624501
0.27466666666666667,0.2457210714425687
0.27475,0.14323757058200506
0.2748333333333333,0.23757622949212104
0.27491666666666664,0.24667547410150317
0.27499999999999997,0.22710172640621656
0.27508333333333335,0.8683244315448514
0.27516666666666667,0.6320120654918214
0.27525,-0.24426721975287954
0.2753333333333333,-0.3320245497780069
0.27541666666666664,0.2540607648897532
0.27549999999999997,0.6787122556341812
0.27558333333333335,0.3809517192108179
0.27566666666666667,-0.136488797187334
0.27575,-0.0019943007075518965
0.2758333333333333,0.3340982760873104
0.27591666666666664,0.47484337076857763
0.27599999999999997,0.30403476432438803
0.27608333333333335,-0.08660385998218595
0.27616666666666667,-0.013249530973327595
0.27625,0.4394712204767335
0.2763333333333333,0.385785907211905
0.27641666666666664,0.19747715096913704
0.27649999999999997,0.02740224849293878
0.27658333333333335,0.12896941340118703
0.27666666666666667,0.24303566529072512
0.27675,0.22806471885597182
0.2768333333333333,0.17120439108178254
0.27691666666666664,0.052114351881217366
0.27699999999999997,0.21880228860234147
0.27708333333333335,0.21009730824189604
0.2771666666666667,0.17884493014325364
0.27725,0.16703261127716212
0.2773333333333333,0.16769928828164504
0.27741666666666664,0.18087473131950424
0.27749999999999997,0.23058294054680728
0.27758333333333335,0.10121548151168779
0.2776666666666667,0.10060877236422108
0.27775,0.15434573673962748
0.2778333333333333,0.16379200273615357
0.27791666666666665,0.2673422120783564
0.27799999999999997,0.16941402119972898
0.27808333333333335,0.2322062736017536
0.2781666666666667,0.21262212130417463
0.27825,0.17987365760202123
0.2783333333333333,0.16377779771186013
0.27841666666666665,0.20920387216348518
0.27849999999999997,0.17279141267666204
0.27858333333333335,0.21512267373363475
0.2786666666666667,0.12603194171754317
0.27875,0.20452391732580227
0.2788333333333333,0.1535575842922246
0.27891666666666665,0.17140433443872294
0.27899999999999997,0.08744371280006444
0.27908333333333335,0.1150529933678323
0.2791666666666667,0.07509863749927823
0.27925,0.2364337792515212
0.2793333333333333,0.15343336435496197
0.27941666666666665,0.10190585021700153
0.27949999999999997,0.14364614506475995
0.27958333333333335,0.11362197528069325
0.2796666666666667,0.130910739382135
0.27975,0.0807155420310876
0.2798333333333333,0.10376877809290021
0.27991666666666665,0.1500195773892106
0.27999999999999997,0.026120069766457518
0.28008333333333335,0.20781148781630213
0.2801666666666667,0.17521313568991873
0.28025,0.031075607880413025
0.2803333333333333,0.15476078050557865
0.28041666666666665,0.09212957000055821
0.28049999999999997,0.0998039825262926
0.28058333333333335,0.1205038329388033
0.2806666666666667,0.14241895175584537
0.28075,0.06669807690360319
0.2808333333333333,0.24334627572385265
0.28091666666666665,-0.02127170486008989
0.28099999999999997,0.16979953915193458
0.28108333333333335,0.08539129167631794
0.2811666666666667,0.10098789936279302
0.28125,0.020388240552149425
0.2813333333333333,0.7756846640183678
0.28141666666666665,0.42052535368082467
0.2815,-0.347754066930542
0.2815833333333333,-0.5228827873610118
0.2816666666666667,0.1778994723728493
0.28175,0.47399473617830723
0.2818333333333333,0.18821009837248942
0.28191666666666665,-0.41491900733159304
0.282,-0.22868702190637225
0.2820833333333333,0.22521084007006625
0.2821666666666667,0.3542812282766535
0.28225,-0.09970907114625163
0.2823333333333333,-0.23008450331308303
0.28241666666666665,-0.07996354159690362
0.2825,0.16883725275512024
0.2825833333333333,0.22021644305432622
0.2826666666666667,0.059835288455632116
0.28275,-0.15888590132139419
0.2828333333333333,-0.12415873542408887
0.28291666666666665,0.08620161454667719
0.283,0.096649703829021
0.2830833333333333,-0.04658915079307626
0.2831666666666667,-0.17600879797806673
0.28325,-0.038554599625882986
0.2833333333333333,0.10144229609244781
0.28341666666666665,0.08542412405778714
0.2835,0.00433006177536302
0.2835833333333333,-0.087357012114547
0.2836666666666667,-0.07735678812698626
0.28375,-0.015046300515257974
0.2838333333333333,0.02170285731355977
0.28391666666666665,-0.00431710130114818
0.284,0.0038455459225207045
0.2840833333333333,-0.043831671823580554
0.2841666666666667,-0.028881795468754398
0.28425,-0.051008487529618875
0.2843333333333333,-0.09093911912337622
0.28441666666666665,-0.0171389936468484
0.2845,-0.008703733101873742
0.2845833333333333,-0.11401820722379272
0.2846666666666667,-0.1380243160161896
0.28475,-0.17837571906815924
0.2848333333333333,-0.11241219057760235
0.28491666666666665,0.011241109078222497
0.285,-0.04256145080059304
0.2850833333333333,-0.024979450008344208
0.2851666666666667,-0.17006257691172927
0.28525,-0.05543170862557899
0.2853333333333333,-0.0600610916739665
0.28541666666666665,-0.0001489218413634058
0.2855,-0.032960099877240925
0.2855833333333333,-0.1522769233641029
0.2856666666666667,-0.115387810598174
0.28575,-0.12629893906256157
0.28583333333333333,-0.06986437337590393
0.28591666666666665,-0.036671113557793095
0.286,-0.04569353346197638
0.2860833333333333,-0.1505114054598314
0.2861666666666667,-0.19660675221106216
0.28625,0.014112175213784578
0.28633333333333333,-0.07426889664205658
0.28641666666666665,-0.1052407276459065
0.2865,-0.14310669728286227
0.2865833333333333,-0.12221852894693497
0.2866666666666667,-0.058165757700357416
0.28675,-0.23023157271167574
0.28683333333333333,-0.1579056054359919
0.28691666666666665,-0.17520931202347725
0.287,-0.05721099007202053
0.2870833333333333,-0.13536704902905455
0.2871666666666667,-0.1790708941616037
0.28725,-0.07527563134212226
0.28733333333333333,-0.16749204716969035
0.28741666666666665,-0.08608544576451095
0.2875,-0.22765329649705401
0.2875833333333333,0.5839339018485572
0.2876666666666667,0.0946090494809003
0.28775,-0.5913493226925307
0.28783333333333333,-0.49928184372027024
0.28791666666666665,0.014735222704631984
0.288,0.352062631763823
0.2880833333333333,-0.14467152383063486
0.2881666666666667,-0.5764113715793241
0.28825,-0.3559257457908481
0.28833333333333333,0.0849661306768665
0.28841666666666665,0.14202938826457573
0.2885,-0.16321997322773507
0.2885833333333333,-0.5068472410278514
0.2886666666666667,-0.2844493550073969
0.28875,-0.04573255216150425
0.28883333333333333,0.026642539344207777
0.28891666666666665,-0.1925167153039801
0.289,-0.2803673125525433
0.2890833333333333,-0.2887348307527582
0.2891666666666667,-0.00511469154609176
0.28925,-0.13093094268369881
0.28933333333333333,-0.269585691769839
0.28941666666666666,-0.19046369858489376
0.2895,-0.12551532911011268
0.2895833333333333,-0.05020263204968072
0.2896666666666667,-0.12292725155226435
0.28975,-0.26361317381122673
0.28983333333333333,-0.146516281267828
0.28991666666666666,-0.21806180317708923
0.29,-0.0381185278874636
0.2900833333333333,-0.11639156608012152
0.2901666666666667,-0.28965083619011917
0.29025,-0.28142551122278125
0.29033333333333333,-0.11980060624237941
0.29041666666666666,-0.11986128492251658
0.2905,-0.17833882435289733
0.2905833333333333,-0.2535165483695453
0.2906666666666667,-0.2301805096405602
0.29075,-0.2137645043757424
0.29083333333333333,-0.2374185188750332
0.29091666666666666,-0.15085002484213889
0.291,-0.23251247573179573
0.2910833333333333,-0.2896334234277405
0.29116666666666663,-0.22496111150099568
0.29125,-0.14558763941136532
0.29133333333333333,-0.18426074970162293
0.29141666666666666,-0.1972187269639938
0.2915,-0.14999912026492904
0.2915833333333333,-0.1997984945605654
0.29166666666666663,-0.205412464111912
0.29175,-0.2266445422732582
0.29183333333333333,-0.1498674216291143
0.29191666666666666,-0.1786422192155383
0.292,-0.21573422272082673
0.2920833333333333,-0.17352355352092555
0.29216666666666663,-0.1311930732846684
0.29225,-0.2199089968237575
0.29233333333333333,-0.2130264234289877
0.29241666666666666,-0.1078363949687171
0.2925,-0.27195792564776367
0.2925833333333333,-0.1817811994716731
0.29266666666666663,-0.19946307473921207
0.29275,-0.1849141696121393
0.29283333333333333,-0.254313077214974
0.29291666666666666,-0.19504625745910611
0.293,-0.18804641873395048
0.2930833333333333,-0.1471317312520511
0.29316666666666663,-0.1670670358807951
0.29325,-0.159470717149335
0.29333333333333333,-0.1940415896932689
0.29341666666666666,-0.20227267583130504
0.2935,-0.07295587025484364
0.2935833333333333,-0.19663670981449274
0.29366666666666663,-0.18635861278632584
0.29375,-0.2362812452172781
0.29383333333333334,0.568710772743092
0.29391666666666666,0.15333872579967484
0.294,-0.5776507004980953
0.2940833333333333,-0.7142290982719881
0.29416666666666663,-0.023207631698565292
0.29425,0.264343868767093
0.29433333333333334,-0.011668174625266106
0.29441666666666666,-0.5435515242684481
0.2945,-0.43650788450276273
0.2945833333333333,0.011768719917431626
0.29466666666666663,0.13186295201046838
0.29475,-0.17901142349833435
0.29483333333333334,-0.4471130254577099
0.29491666666666666,-0.23275776982163396
0.295,0.06403800415870735
0.2950833333333333,0.05370305675844903
0.29516666666666663,-0.3107720724952309
0.29525,-0.37042514232848883
0.29533333333333334,-0.20526103323892175
0.29541666666666666,0.029922028114097866
0.2955,-0.043888052069376564
0.2955833333333333,-0.19988288892792408
0.29566666666666663,-0.32288346877521557
0.29575,-0.15697114873646498
0.29583333333333334,-0.05405016748854081
0.29591666666666666,0.08100539682933142
0.296,-0.16138198894195288
0.2960833333333333,-0.1605661837477486
0.29616666666666663,-0.07605230615451747
0.29625,-0.055866274894974526
0.29633333333333334,-0.065326443286088
0.29641666666666666,-0.13048762058843147
0.2965,-0.17023595169782285
0.2965833333333333,-0.13040503293635983
0.29666666666666663,-0.07814779800863925
0.29675,-0.10794835814489702
0.29683333333333334,-0.1352888881362329
0.29691666666666666,-0.07666520807374466
0.297,-0.10226896832337716
0.2970833333333333,-0.10605605906915203
0.29716666666666663,-0.07327581668314401
0.29725,-0.20231478585593976
0.29733333333333334,-0.14277532139332316
0.29741666666666666,-0.06527585680609185
0.2975,-0.07854877671716953
0.2975833333333333,-0.07852213423081728
0.29766666666666663,-0.03121493948670423
0.29775,-0.14772979720440071
0.29783333333333334,-0.08242043048091238
0.29791666666666666,-0.104235638075412
0.298,-0.1503661401962081
0.2980833333333333,-0.029932676817849724
0.29816666666666664,-0.07535192451790364
0.29825,-0.08145720077511036
0.29833333333333334,-0.09081563246385205
0.29841666666666666,-0.049281328776613474
0.2985,-0.06785853993984313
0.2985833333333333,-0.10588280632377176
0.29866666666666664,-0.024012211292708013
0.29875,0.0028165445850162688
0.29883333333333334,-0.04827247714256494
0.29891666666666666,-0.06090900328675454
0.299,0.015809426566132642
0.2990833333333333,-0.14779934381540055
0.29916666666666664,-0.07142243270456486
0.29925,-0.04065859549031747
0.29933333333333334,-0.021020039808652132
0.29941666666666666,-0.019712369599353206
0.2995,-0.002473457197468002
0.2995833333333333,-0.032695094650871795
0.29966666666666664,-0.06438421646122877
0.29975,0.0270544336501223
0.29983333333333334,-0.02870098743099478
0.29991666666666666,-0.0548528023003173
0.3,0.06293739096965235
0.3000833333333333,0.7569096485759041
0.30016666666666664,0.3185447285069729
0.30025,-0.4519607918937074
0.30033333333333334,-0.44869702588583554
0.30041666666666667,0.1944160838384381
0.3005,0.47923937032962544
0.3005833333333333,0.09444861321707981
0.30066666666666664,-0.3559400174306089
0.30075,-0.3050996421540257
0.30083333333333334,0.19570917644581476
0.30091666666666667,0.39319951308359613
0.301,0.0698898650309839
0.3010833333333333,-0.11174287984141498
0.30116666666666664,-0.026557432829727383
0.30124999999999996,0.19571417891504322
0.30133333333333334,0.22234833575183016
0.30141666666666667,0.05415744874365781
0.3015,-0.1237688743387485
0.3015833333333333,0.09217242988018509
0.30166666666666664,0.08575896982770131
0.30174999999999996,0.1917276310964386
0.30183333333333334,-0.0303121452102664
0.30191666666666667,-0.06606194901130567
0.302,0.08582877020155846
0.3020833333333333,0.09742322781697546
0.30216666666666664,0.08590327911373188
0.30224999999999996,-0.004759494532631001
0.30233333333333334,0.02901407036983547
0.30241666666666667,0.14361641228857258
0.3025,0.1319812861949527
0.3025833333333333,0.041654262009944834
0.30266666666666664,0.1093647839963586
0.30274999999999996,0.05835361810033945
0.30283333333333334,0.13251722578062705
0.30291666666666667,0.193326775884355
0.303,0.043783879422156946
0.3030833333333333,0.13607527352687182
0.30316666666666664,-0.002851246386882611
0.30324999999999996,0.09408871685821124
0.30333333333333334,0.14806423437658556
0.30341666666666667,0.1635588219616154
0.3035,-0.000661996465882636
0.3035833333333333,0.12584155245424677
0.30366666666666664,0.10893204151365841
0.30374999999999996,0.1407909310503218
0.30383333333333334,0.06966369593255299
0.30391666666666667,0.17466807571029141
0.304,0.059290685364713686
0.3040833333333333,0.11501982597492798
0.30416666666666664,0.10353690645337336
0.30424999999999996,0.1859518033579264
0.30433333333333334,0.12965370340317864
0.30441666666666667,0.09464061496660993
0.3045,0.17243916788260913
0.3045833333333333,0.14486993406848706
0.30466666666666664,0.1017831125861142
0.30474999999999997,0.17999197131569644
0.30483333333333335,0.17172523453905808
0.30491666666666667,0.15312577624994375
0.305,0.197506983475165
0.3050833333333333,0.20268625244642996
0.30516666666666664,0.1669456718533879
0.30524999999999997,0.14553362655836607
0.30533333333333335,0.2806824726744461
0.30541666666666667,0.14031257450073487
0.3055,0.1603234703463348
0.3055833333333333,0.22858271717935447
0.30566666666666664,0.1168634232858132
0.30574999999999997,0.12914532382082397
0.30583333333333335,0.23614116359120524
0.30591666666666667,0.18363338275396354
0.306,0.24187673058098277
0.3060833333333333,0.19325627165199608
0.30616666666666664,0.17102404655075143
0.30624999999999997,0.14154954536413072
0.30633333333333335,0.8548681954198966
0.30641666666666667,0.50596425340845
0.3065,-0.30278630877566315
0.3065833333333333,-0.31991641392645964
0.30666666666666664,0.210646701928748
0.30674999999999997,0.7251087271046237
0.30683333333333335,0.2928861453657581
0.30691666666666667,-0.11483650222477595
0.307,-0.1334495224437413
0.3070833333333333,0.35745922874249014
0.30716666666666664,0.41975159475029283
0.30724999999999997,0.08966454645002109
0.30733333333333335,0.041226205039240515
0.30741666666666667,0.11402415261945299
0.3075,0.42237097735681706
0.3075833333333333,0.5028955833603047
0.30766666666666664,0.0861370283454849
0.30774999999999997,0.027849936684148716
0.30783333333333335,0.1716182762758382
0.30791666666666667,0.2703150526235565
0.308,0.410346487660154
0.3080833333333333,0.08654693885621659
0.30816666666666664,0.13286317752484145
0.30824999999999997,0.21962495776945962
0.30833333333333335,0.293165134511555
0.3084166666666667,0.23006076536714
0.3085,0.15240712309465823
0.3085833333333333,0.06958158803686722
0.30866666666666664,0.23785927636342746
0.30874999999999997,0.3168029572544829
0.30883333333333335,0.21616582115602406
0.3089166666666667,0.21135463309666574
0.309,0.07950037251252223
0.3090833333333333,0.2760237380934222
0.30916666666666665,0.2643668637764905
0.30924999999999997,0.19065925905958514
0.30933333333333335,0.21422449353783263
0.3094166666666667,0.08617629321804757
0.3095,0.23354091147882014
0.3095833333333333,0.2649935734023482
0.30966666666666665,0.26964599302490716
0.30974999999999997,0.007033661318912698
0.30983333333333335,0.16315347641181713
0.3099166666666667,0.19069612950716006
0.31,0.11250622471058772
0.3100833333333333,0.16509541693137428
0.31016666666666665,0.12180806575438675
0.31024999999999997,0.22598435211351411
0.31033333333333335,0.15645795126856124
0.3104166666666667,0.28081812501048453
0.3105,0.22228996200908624
0.3105833333333333,0.21388360575998908
0.31066666666666665,0.172452252034614
0.31074999999999997,0.21036785886188586
0.31083333333333335,0.11143471384947727
0.3109166666666667,0.16410358517208912
0.311,0.1875702272580285
0.3110833333333333,0.101244572169796
0.31116666666666665,0.17304108898186626
0.31124999999999997,0.18405229779639093
0.3113333333333333,0.17084801459659657
0.3114166666666667,0.24263619975374248
0.3115,0.16483809160602927
0.3115833333333333,0.15596783597441108
0.31166666666666665,0.19615255695423914
0.31174999999999997,0.10294196985797571
0.3118333333333333,0.1635134614325207
0.3119166666666667,0.1682663543372344
0.312,0.1600755749213888
0.3120833333333333,0.09328402753773973
0.31216666666666665,0.07606738197252456
0.31224999999999997,0.1598980372539963
0.3123333333333333,0.19109208809877828
0.3124166666666667,0.17599371313376114
0.3125,0.16493594635674097
0.3125833333333333,0.9286866328129822
0.31266666666666665,0.5078303951157808
0.31275,-0.363589298005205
0.3128333333333333,-0.4435322550044599
0.3129166666666667,0.30460822088700057
0.313,0.5823729853329808
0.3130833333333333,0.20788818383080834
0.31316666666666665,-0.22471327503183036
0.31325,-0.21586220017264338
0.3133333333333333,0.26236707155576183
0.3134166666666667,0.45065291515406164
0.3135,0.11487745534904036
0.3135833333333333,-0.1423797062261936
0.31366666666666665,-0.14224555547855045
0.31375,0.299555141606808
0.3138333333333333,0.3053490664884203
0.3139166666666667,0.11745341070449776
0.314,-0.02881669834195459
0.3140833333333333,0.023368885508149934
0.31416666666666665,0.19407757987877053
0.31425,0.2237803667561819
0.3143333333333333,0.09825788982995695
0.3144166666666667,-0.002275867209799498
0.3145,-0.08217278277118592
0.3145833333333333,0.18659120997089856
0.31466666666666665,0.16175618835918518
0.31475,-0.015609740074270614
0.3148333333333333,-0.05695617547753666
0.3149166666666667,0.10120701222500623
0.315,0.14213545438835268
0.3150833333333333,0.10342312968121571
0.31516666666666665,0.0014632162686252373
0.31525,0.04391185551345797
0.3153333333333333,0.10871367628676146
0.3154166666666667,0.08302329027109573
0.3155,0.06773401968809492
0.3155833333333333,-0.019198931935603722
0.31566666666666665,-0.03043562359978046
0.31575,0.10710000115844209
0.3158333333333333,0.1010006294928727
0.3159166666666667,-0.020910266864776855
0.316,0.08418897568171135
0.3160833333333333,0.06869367914265723
0.31616666666666665,0.02950732222364097
0.31625,-0.011261571532224394
0.3163333333333333,-0.03452732564323452
0.3164166666666667,-0.030316376413643674
0.3165,0.02947000281632726
0.3165833333333333,0.023034310243463495
0.31666666666666665,0.01904991632861085
0.31675,-0.034548339929896324
0.3168333333333333,0.020954893667555256
0.3169166666666667,-0.052892145559622086
0.317,0.07478017288506318
0.31708333333333333,0.0015433208115392533
0.31716666666666665,0.01495973487001239
0.31725,-0.022561142279575862
0.3173333333333333,-0.03353480034582464
0.3174166666666667,0.009118225873390742
0.3175,-0.07949788526867563
0.31758333333333333,-0.06614159810682596
0.31766666666666665,-0.05124619179511941
0.31775,0.07527269019236292
0.3178333333333333,-0.0006431217555346036
0.3179166666666667,-0.11432012968057614
0.318,0.05601281932645478
0.31808333333333333,-0.0602101429425011
0.31816666666666665,-0.09120674282155855
0.31825,-0.09159356991282346
0.3183333333333333,-0.11752819460600623
0.3184166666666667,0.008859988804365157
0.3185,0.006884630328508418
0.31858333333333333,-0.02292828550565039
0.31866666666666665,-0.08454036458767136
0.31875,-0.09394561940515411
0.3188333333333333,0.6517319960274316
0.3189166666666667,0.20218982720862422
0.319,-0.5555697346930921
0.31908333333333333,-0.5550395630500631
0.31916666666666665,0.04867837281440282
0.31925,0.4717037739083795
0.3193333333333333,0.08402441349845155
0.3194166666666667,-0.4449303677883375
0.3195,-0.36011581736032755
0.31958333333333333,0.11952425986514585
0.31966666666666665,0.31976104942144107
0.31975,-0.15747323740086566
0.3198333333333333,-0.2959851988338614
0.3199166666666667,-0.24115858318322425
0.32,0.0434763176221675
0.32008333333333333,0.0480394893293575
0.32016666666666665,-0.15686665381237339
0.32025,-0.2653643293227538
0.3203333333333333,-0.15112722037552123
0.3204166666666667,0.006014972694218991
0.3205,-0.05260940301364221
0.32058333333333333,-0.13184782851744725
0.32066666666666666,-0.24803560749075557
0.32075,-0.1548666047671693
0.3208333333333333,-0.12178174780190246
0.3209166666666667,-0.10611991398231098
0.321,-0.198711387460307
0.32108333333333333,-0.21483013036796275
0.32116666666666666,-0.1583104930824996
0.32125,-0.10132761827645165
0.3213333333333333,-0.19475627572777923
0.32141666666666663,-0.2648870267121335
0.3215,-0.2551558954165715
0.32158333333333333,-0.17997031523770227
0.32166666666666666,-0.2296434790579805
0.32175,-0.19734300433923851
0.3218333333333333,-0.17368174601024114
0.32191666666666663,-0.23242114984351364
0.322,-0.18653600699048295
0.32208333333333333,-0.15697559298355948
0.32216666666666666,-0.19915954707640895
0.32225,-0.1981910874259294
0.3223333333333333,-0.20522711713585917
0.32241666666666663,-0.14360681774077788
0.3225,-0.18729978010420137
0.32258333333333333,-0.12116650806727439
0.32266666666666666,-0.1199496413575637
0.32275,-0.16862266101500215
0.3228333333333333,-0.17626979802798837
0.32291666666666663,-0.28280131263084113
0.323,-0.11507058154693388
0.32308333333333333,-0.19525857376669273
0.32316666666666666,-0.16027161162895595
0.32325,-0.23751282418147807
0.3233333333333333,-0.18778223868718025
0.32341666666666663,-0.18803549797915523
0.3235,-0.20693639638253944
0.32358333333333333,-0.14805521846954087
0.32366666666666666,-0.2154459784423874
0.32375,-0.15203028804754173
0.3238333333333333,-0.2154137159697611
0.32391666666666663,-0.22020955840940246
0.324,-0.10544544590083
0.32408333333333333,-0.1247021614417401
0.32416666666666666,-0.20536795728660653
0.32425,-0.22073525194562604
0.3243333333333333,-0.24373942397207504
0.32441666666666663,-0.21540228811452572
0.3245,-0.1816773484426168
0.32458333333333333,-0.20465725247288866
0.32466666666666666,-0.20411447673721428
0.32475,-0.2969837110913205
0.3248333333333333,-0.12043624466023284
0.32491666666666663,-0.172692018310307
0.325,-0.1828534329495761
0.32508333333333334,0.5793337976099532
0.32516666666666666,0.19544090789072388
0.32525,-0.6527252884896237
0.3253333333333333,-0.7575233014588789
0.32541666666666663,-0.08141963031522557
0.3255,0.25282276189598224
0.32558333333333334,-0.0667255219777101
0.32566666666666666,-0.5675953018395361
0.32575,-0.4804557012274451
0.3258333333333333,-0.07265456960186653
0.32591666666666663,0.1280427968946833
0.326,-0.14852986360488263
0.32608333333333334,-0.4985634861947161
0.32616666666666666,-0.31195497742207573
0.32625,-0.047817635226373334
0.3263333333333333,-0.03750472087350583
0.32641666666666663,-0.24697368999148275
0.3265,-0.4619386505967467
0.32658333333333334,-0.15021307477799117
0.32666666666666666,-0.08122857103993487
0.32675,-0.07699818368817898
0.3268333333333333,-0.2983380103255999
0.32691666666666663,-0.2192332494137283
0.327,-0.20446837910086096
0.32708333333333334,-0.07840834751526701
0.32716666666666666,-0.08288758880592592
0.32725,-0.24107405901952234
0.3273333333333333,-0.22903130581393166
0.32741666666666663,-0.1547265223062047
0.3275,-0.10181665375307608
0.32758333333333334,-0.1753860130576793
0.32766666666666666,-0.16929892592908546
0.32775,-0.14021070392301643
0.3278333333333333,-0.12723987757991062
0.32791666666666663,-0.13878881332178133
0.328,-0.17184640265382028
0.32808333333333334,-0.14968590942916424
0.32816666666666666,-0.2005651396902676
0.32825,-0.13422638900127848
0.3283333333333333,-0.09413341189037178
0.32841666666666663,-0.10239842282794452
0.3285,-0.18347445357611336
0.32858333333333334,-0.12729163352077366
0.32866666666666666,-0.1404058655091245
0.32875,-0.17082447820540067
0.3288333333333333,-0.18407329504811845
0.32891666666666663,-0.14988419775366463
0.329,-0.11464597648165747
0.32908333333333334,-0.16312359263001283
0.32916666666666666,-0.23538007752189047
0.32925,-0.1500639681128211
0.3293333333333333,-0.1336372780526001
0.32941666666666664,-0.14944533812348526
0.3295,-0.13641726504271182
0.32958333333333334,-0.16303606578181323
0.32966666666666666,-0.07800728514223088
0.32975,-0.13358086473819009
0.3298333333333333,-0.07178901718151848
0.32991666666666664,-0.13938111335106138
0.33,-0.12310658285617827
0.33008333333333334,-0.17702195131677123
0.33016666666666666,-0.07534526994224555
0.33025,-0.07453155156674057
0.3303333333333333,-0.13024015700159383
0.33041666666666664,-0.16570115664901539
0.3305,-0.061730565891103505
0.33058333333333334,-0.03260045408262591
0.33066666666666666,-0.08301534556696911
0.33075,-0.13773325189840022
0.3308333333333333,-0.013439969199253998
0.33091666666666664,-0.08744207237520343
0.331,-0.03996385884877235
0.33108333333333334,-0.04454518503635004
0.33116666666666666,-0.10602610341285597
0.33125,0.011975156232405582
0.3313333333333333,0.5025711335242415
0.33141666666666664,0.33693626645697716
0.33149999999999996,-0.4948488705195229
0.33158333333333334,-0.5831744453174674
0.33166666666666667,0.11274440794311621
0.33175,0.3846232417197454
0.3318333333333333,0.09336785327598585
0.33191666666666664,-0.38019904078404404
0.33199999999999996,-0.35013073457893895
0.33208333333333334,0.1240921077538023
0.33216666666666667,0.28670662350069254
0.33225,-0.11055334683668774
0.3323333333333333,-0.33352676005546417
0.33241666666666664,-0.15048889959501452
0.33249999999999996,0.14272715227780813
0.33258333333333334,0.2240815016510712
0.33266666666666667,-0.0013990919847033934
0.33275,-0.13561819055175006
0.3328333333333333,-0.07272215951895881
0.33291666666666664,0.14389790552496973
0.33299999999999996,0.09053730390835812
0.33308333333333334,-0.14451628129588612
0.33316666666666667,-0.09247262115430772
0.33325,0.12017331767056735
0.3333333333333333,0.09278299544699388
0.33341666666666664,0.010444075483926278
0.33349999999999996,-0.12795147902950077
0.33358333333333334,-0.11231370459170302
0.33366666666666667,0.023410070697240173
0.33375,0.08635851011632395
0.3338333333333333,0.087906618741217
0.33391666666666664,0.045455380933654345
0.33399999999999996,0.042716160822823535
0.33408333333333334,0.07090038035191218
0.33416666666666667,0.10075222218449603
0.33425,0.08055671710819665
0.3343333333333333,0.0411589065564582
0.33441666666666664,-0.015667985735998462
0.33449999999999996,0.017514909366095344
0.33458333333333334,-0.0012999948424113617
0.33466666666666667,0.02707187240853347
0.33475,0.03128056227337167
0.3348333333333333,0.055991730183226805
0.33491666666666664,0.17410567528840154
0.33499999999999996,0.05742229099803804
0.33508333333333334,0.0720829051448469
0.33516666666666667,0.025536826685144513
0.33525,0.12362380700824643
0.3353333333333333,0.058520864712862664
0.33541666666666664,0.11117668211679692
0.33549999999999996,0.15861735930548015
0.33558333333333334,0.11924542497355153
0.33566666666666667,0.0035246784299991923
0.33575,0.0554705460494029
0.3358333333333333,0.16455061092759615
0.33591666666666664,0.045111735237082486
0.33599999999999997,0.15771277313877163
0.33608333333333335,0.14792090376886263
0.33616666666666667,0.14469876366592388
0.33625,0.07666949592976628
0.3363333333333333,0.07999348732212166
0.33641666666666664,0.08306649706434675
0.33649999999999997,0.05200497757647558
0.33658333333333335,0.19508634651417334
0.33666666666666667,0.1981161123176973
0.33675,0.04589390416401276
0.3368333333333333,0.10179661190422962
0.33691666666666664,0.1322987255301065
0.33699999999999997,0.16572320757588987
0.33708333333333335,0.18614252623376323
0.33716666666666667,0.12522960951328535
0.33725,0.09339535713198838
0.3373333333333333,0.0574735688282568
0.33741666666666664,0.16785490788353322
0.33749999999999997,0.1223365429207726
0.33758333333333335,0.8696026522363355
0.33766666666666667,0.5459423703629906
0.33775,-0.318797900933612
0.3378333333333333,-0.29728363186795237
0.33791666666666664,0.3359020187057695
0.33799999999999997,0.6406085526785806
0.33808333333333335,0.2829938739875181
0.33816666666666667,-0.1993343572082594
0.33825,-0.16803680293041343
0.3383333333333333,0.37382844392529735
0.33841666666666664,0.5296549299728348
0.33849999999999997,0.1369059562424195
0.33858333333333335,-0.020658595613627997
0.33866666666666667,0.03747035173037986
0.33875,0.3101225819288405
0.3388333333333333,0.3123513871431507
0.33891666666666664,0.08573567146756379
0.33899999999999997,-0.05441714559153893
0.33908333333333335,0.12805595923526497
0.33916666666666667,0.27023969365333594
0.33925,0.2710477323457599
0.3393333333333333,0.1604438388160153
0.33941666666666664,0.07750602645663318
0.33949999999999997,0.15262769860652092
0.33958333333333335,0.19948195462700807
0.3396666666666667,0.24092583393291975
0.33975,0.05584227124032276
0.3398333333333333,0.0779920690274165
0.33991666666666664,0.16596918606505578
0.33999999999999997,0.31152226221581747
0.34008333333333335,0.12598232625861056
0.3401666666666667,0.1075842698781048
0.34025,0.07931520067960832
0.3403333333333333,0.20208147199166973
0.34041666666666665,0.2782963045863585
0.34049999999999997,0.16847053781680654
0.34058333333333335,0.13872824139993037
0.3406666666666667,0.22677960335715097
0.34075,0.16773400622511486
0.3408333333333333,0.18692786464116157
0.34091666666666665,0.23972615532983244
0.34099999999999997,0.09368478403591518
0.34108333333333335,0.24292867198877696
0.3411666666666667,0.2059627943727284
0.34125,0.16987057314497855
