timestamp,vibration
0.0,-0.00342463152967086
8.333333333333333e-05,0.031699958837516216
0.00016666666666666666,-0.011917617716649766
0.00025,0.0380301659032031
0.0003333333333333333,0.03213388139293771
0.00041666666666666664,0.018622857524661172
0.0005,-0.02216908581150783
0.0005833333333333333,-0.008258671376411408
0.0006666666666666666,0.036793269051665516
0.00075,0.016682019513315237
0.0008333333333333333,0.02386123664873334
0.0009166666666666666,0.003116377695547741
0.001,0.086300870427055
0.0010833333333333333,0.05175018987288817
0.0011666666666666665,0.036023504362959355
0.00125,0.059815599592919225
0.0013333333333333333,0.06199367020841536
0.0014166666666666666,0.05530938071991162
0.0015,0.06334653188287695
0.0015833333333333333,0.06387672703286336
0.0016666666666666666,0.10094326057238938
0.00175,0.06775729192668528
0.0018333333333333333,0.06757637974843296
0.0019166666666666666,0.10044544906170863
0.002,0.10474880265118053
0.0020833333333333333,0.1012930934521453
0.0021666666666666666,0.13590911569690137
0.00225,0.06811076873506897
0.002333333333333333,0.0929112492886229
0.002416666666666667,0.11910723221427176
0.0025,0.15129709594353224
0.0025833333333333333,0.1332903038713695
0.0026666666666666666,0.10710147552783152
0.00275,0.13475207783471377
0.002833333333333333,0.13007109801604458
0.0029166666666666664,0.11439595343606057
0.003,0.1060711749513682
0.0030833333333333333,0.12872370351250817
0.0031666666666666666,0.10837537351111509
0.00325,0.10017182074874492
0.003333333333333333,0.16430398488100612
0.0034166666666666664,0.13570628461294731
0.0035,0.13128856976513054
0.0035833333333333333,0.12547501772280026
0.0036666666666666666,0.15869915392510925
0.00375,0.14803033335260601
0.003833333333333333,0.1550726372730175
0.003916666666666666,0.1443807759921145
0.004,0.15547199106937729
0.004083333333333333,0.14935241185003653
0.004166666666666667,0.1629292088256495
0.0042499999999999994,0.18877077811304144
0.004333333333333333,0.153344719335358
0.004416666666666667,0.18164686834618032
0.0045,0.13701935285679015
0.004583333333333333,0.166138369415417
0.004666666666666666,0.1718020065958674
0.00475,0.1761172290720701
0.004833333333333334,0.1950243471405185
0.004916666666666666,0.16415279892484935
0.005,0.18085148831090203
0.005083333333333333,0.1696731924895218
0.005166666666666667,0.19639089833438944
0.0052499999999999995,0.18522261345227167
0.005333333333333333,0.17123574395148358
0.005416666666666667,0.15992978049841036
0.0055,0.17005377275470582
0.005583333333333333,0.18220826157419667
0.005666666666666666,0.158860678390491
0.00575,0.18049503273276465
0.005833333333333333,0.19011445572998115
0.005916666666666666,0.15586353087714427
0.006,0.16870422160004112
0.006083333333333333,0.1721940278724776
0.006166666666666667,0.1932629734458779
0.0062499999999999995,0.1845385435577705
0.006333333333333333,0.15039854098278135
0.006416666666666667,0.14607470084891677
0.0065,0.18327144213130986
0.006583333333333333,0.18510908560526282
0.006666666666666666,0.16052382230513557
0.00675,0.16280341844763097
0.006833333333333333,0.1817519211681307
0.0069166666666666664,0.21176206597076644
0.007,0.15206317560105811
0.007083333333333333,0.16850897749621954
0.007166666666666667,0.17111285830671086
0.0072499999999999995,0.18658445843713856
0.007333333333333333,0.15549557755088148
0.007416666666666666,0.1736806433886397
0.0075,0.1384502487842583
0.007583333333333333,0.15522676793194345
0.007666666666666666,0.16473608009442378
0.00775,0.128007794775736
0.007833333333333333,0.12488501199682307
0.007916666666666666,0.12732043504656254
0.008,0.13412847188062826
0.008083333333333333,0.1669110902239315
0.008166666666666666,0.17959841477556632
0.00825,0.159525110187338
0.008333333333333333,0.14179790391661998
0.008416666666666666,0.1515511105273919
0.008499999999999999,0.14074605310540067
0.008583333333333333,0.15736092038832228
0.008666666666666666,0.1749657188490737
0.008749999999999999,0.13697515456188025
0.008833333333333334,0.1471819501666231
0.008916666666666666,0.13444176976487987
0.009,0.1509701055468829
0.009083333333333334,0.09600014835995116
0.009166666666666667,0.15318569762312678
0.00925,0.12477806220064516
0.009333333333333332,0.1290832975085275
0.009416666666666667,0.12032773657268973
0.0095,0.13498139510077822
0.009583333333333333,0.19221634477651883
0.009666666666666667,0.11257051011303851
0.00975,0.11807417447213776
0.009833333333333333,0.0609317402463617
0.009916666666666666,0.15910382064864714
0.01,0.11513349757087331
0.010083333333333333,0.06929463187050444
0.010166666666666666,0.06330829019060186
0.01025,0.09484017487005127
0.010333333333333333,0.09380355191969332
0.010416666666666666,0.09258967596254088
0.010499999999999999,0.11016130852177113
0.010583333333333333,0.0892015511032733
0.010666666666666666,0.10563778848444132
0.01075,0.0848965427528603
0.010833333333333334,0.0637160985016311
0.010916666666666667,0.08343045009900318
0.011,0.14731489065120015
0.011083333333333332,0.10389187606587019
0.011166666666666667,0.09340928112182428
0.01125,0.07314426549097382
0.011333333333333332,0.06805064792661883
0.011416666666666667,0.09573684417464746
0.0115,0.11534216270134004
0.011583333333333333,0.09504022307797844
0.011666666666666665,0.11069966988695537
0.01175,0.05065778850725712
0.011833333333333333,0.07997026785153451
0.011916666666666666,0.0435496840629628
0.012,0.0646395014280682
0.012083333333333333,0.048078837825404126
0.012166666666666666,0.07480045133962801
0.012249999999999999,0.04883311427216536
0.012333333333333333,0.07061372645361898
0.012416666666666666,0.10123227528556697
0.012499999999999999,0.023482588343449358
0.012583333333333334,0.03505564781177074
0.012666666666666666,0.05003657640476669
0.01275,0.058078505134726344
0.012833333333333334,0.055306682511213026
0.012916666666666667,0.028698846653421407
0.013,0.07969678686635324
0.013083333333333332,0.04920406164910035
0.013166666666666667,0.04519645325397227
0.01325,0.00894381970957351
0.013333333333333332,0.06137889623125233
0.013416666666666667,0.044912744630454124
0.0135,0.029438625133192904
0.013583333333333333,0.03736476669825142
0.013666666666666666,0.050121519698818486
0.01375,0.034945951385750657
0.013833333333333333,0.06675504359068349
0.013916666666666666,0.008546225770489638
0.014,0.00904464619378293
0.014083333333333333,0.018475160939090268
0.014166666666666666,0.039226908647506366
0.014249999999999999,0.01861554810529229
0.014333333333333333,0.03499237643918075
0.014416666666666666,0.060439246091764334
0.014499999999999999,0.011061975245644354
0.014583333333333334,0.017105441892621878
0.014666666666666666,-0.01596443052647281
0.01475,0.05382422406993412
0.014833333333333332,-0.00016001505965166848
0.014916666666666667,0.04264141870272246
0.015,0.006895770511051251
0.015083333333333332,0.02127935296910432
0.015166666666666667,0.039470707940404776
0.01525,0.04350813353960964
0.015333333333333332,0.00641994259228523
0.015416666666666665,0.006394249380605766
0.0155,0.002819292935395559
0.015583333333333333,0.04623574724759149
0.015666666666666666,-0.0025314727651517353
0.01575,-0.00957562142265636
0.01583333333333333,-0.015479063487355713
0.015916666666666666,-0.02924307582918116
0.016,0.02790203978297049
0.01608333333333333,-0.03869563850599481
0.016166666666666666,0.034657278728448246
0.01625,-0.004502892868127505
0.01633333333333333,-0.011466922915893808
0.016416666666666666,-0.0001648728540567723
0.0165,0.016960586076794022
0.016583333333333332,0.014953360971583275
0.016666666666666666,0.012810582369188446
0.01675,0.0019136646237698698
0.016833333333333332,-0.0015962838530269113
0.016916666666666667,-0.017355314736410846
0.016999999999999998,-0.027017247180873203
0.017083333333333332,-0.011934082002257044
0.017166666666666667,0.010798020537772953
0.017249999999999998,-0.011801947883325514
0.017333333333333333,-0.030068668757090557
0.017416666666666667,0.0034817580519817485
0.017499999999999998,0.017550156803254707
0.017583333333333333,0.007122843060417855
0.017666666666666667,0.00024265953562432017
0.01775,-0.042445476809177256
0.017833333333333333,-0.024425775163087755
0.017916666666666668,0.01457452752683686
0.018,-0.006812950383041609
0.018083333333333333,0.024491054805346937
0.018166666666666668,-0.05277229481686101
0.01825,-0.015147441173289332
0.018333333333333333,-0.0173836932033727
0.018416666666666665,-0.03395252564186119
0.0185,-0.04013909565389045
0.018583333333333334,-0.04420297658243959
0.018666666666666665,-0.04942395210957566
0.01875,0.0004466827924908476
0.018833333333333334,-0.018054302391098374
0.018916666666666665,0.00042474418304276965
0.019,-0.021037557446347013
0.019083333333333334,-0.013780196588213089
0.019166666666666665,-0.014781960877542756
0.01925,-0.04487962998184829
0.019333333333333334,-0.02314705505584153
0.019416666666666665,-0.0484627597857107
0.0195,-0.04632151704954943
0.01958333333333333,-0.031081168433819466
0.019666666666666666,-0.053621212785374975
0.01975,-0.03496760665945929
0.01983333333333333,-0.08259675113167578
0.019916666666666666,-0.08050360720947392
0.02,-0.04025703440884483
0.02008333333333333,-0.021036570583081664
0.020166666666666666,-0.002690494427347666
0.02025,-0.008000181435231013
0.02033333333333333,-0.03969299763438331
0.020416666666666666,-0.03142986912111412
0.0205,-0.06265727544938417
0.020583333333333332,0.009804388429510938
0.020666666666666667,-0.06750209773667418
0.020749999999999998,-0.0385648322578028
0.020833333333333332,-0.032607120557252164
0.020916666666666667,-0.10119184788557711
0.020999999999999998,-0.05695288111556691
0.021083333333333332,-0.08370538062816461
0.021166666666666667,-0.03243107755524085
0.021249999999999998,-0.08978951832583318
0.021333333333333333,-0.06944075461297146
0.021416666666666667,-0.0764741303977128
0.0215,-0.0506340433582311
0.021583333333333333,-0.037239444910434794
0.021666666666666667,-0.07154403311170485
0.02175,-0.09344000062059288
0.021833333333333333,-0.037439545055231
0.021916666666666668,-0.10767662267063774
0.022,-0.07333359135258008
0.022083333333333333,-0.08756599434372601
0.022166666666666664,-0.09188284032914283
0.02225,-0.11413567137006131
0.022333333333333334,-0.10745338371719179
0.022416666666666665,-0.11504103244485747
0.0225,-0.08473520971089546
0.022583333333333334,-0.08822504612289879
0.022666666666666665,-0.09899101445687025
0.02275,-0.10183800284672849
0.022833333333333334,-0.0891688677772879
0.022916666666666665,-0.11800570168554854
0.023,-0.09343039482044933
0.023083333333333334,-0.08876614056386839
0.023166666666666665,-0.09917209013763019
0.02325,-0.04686692216375739
0.02333333333333333,-0.09917845748488573
0.023416666666666665,-0.11081920756139738
0.0235,-0.13768459398740904
0.02358333333333333,-0.10891791847511272
0.023666666666666666,-0.10117775398751772
0.02375,-0.11522592910812801
0.02383333333333333,-0.13921962346871214
0.023916666666666666,-0.10509446280486331
0.024,-0.11293074854873944
0.02408333333333333,-0.11958266832050322
0.024166666666666666,-0.1419565831651538
0.02425,-0.12433044924586323
0.024333333333333332,-0.15166931084758847
0.024416666666666666,-0.13791333361840674
0.024499999999999997,-0.1412142227199346
0.024583333333333332,-0.15660953208427233
0.024666666666666667,-0.14668325852084865
0.024749999999999998,-0.13927538252039937
0.024833333333333332,-0.13209634974041484
0.024916666666666667,-0.15861196282307438
0.024999999999999998,-0.15739580907141176
0.025083333333333332,-0.11079562540196766
0.025166666666666667,-0.1615992723167677
0.025249999999999998,-0.16095868649015266
0.025333333333333333,-0.1765172085687995
0.025416666666666667,-0.1547703384800116
0.0255,-0.17479400080787807
0.025583333333333333,-0.16369029067336058
0.025666666666666667,-0.1444625454837512
0.02575,-0.15764638983463447
0.025833333333333333,-0.17705616713559896
0.025916666666666664,-0.21365244678010956
0.026,-0.187694673244577
0.026083333333333333,-0.19838950896151428
0.026166666666666664,-0.1405225035017159
0.02625,-0.15155421582649856
0.026333333333333334,-0.14665611637351428
0.026416666666666665,-0.1669573511754771
0.0265,-0.18490277250957654
0.026583333333333334,-0.1754489981581274
0.026666666666666665,-0.15233581358071782
0.02675,-0.16762332553835915
0.026833333333333334,-0.20630618097801665
0.026916666666666665,-0.19029294142750708
0.027,-0.15092240909748586
0.02708333333333333,-0.16725579911151647
0.027166666666666665,-0.17070989826460023
0.02725,-0.21671174955516267
0.02733333333333333,-0.17568057853127214
0.027416666666666666,-0.17273325187402552
0.0275,-0.20463551757222492
0.02758333333333333,-0.17522442281724868
0.027666666666666666,-0.14989537940611208
0.02775,-0.17515698810808883
0.02783333333333333,-0.17524927875795357
0.027916666666666666,-0.14504914544236114
0.028,-0.19564710417697334
0.02808333333333333,-0.14653544321707
0.028166666666666666,-0.1814863344193364
0.028249999999999997,-0.18352822404224006
0.028333333333333332,-0.17138757672418128
0.028416666666666666,-0.1597659290165892
0.028499999999999998,-0.15923629949787424
0.028583333333333332,-0.16049772833844095
0.028666666666666667,-0.19506746737968894
0.028749999999999998,-0.16714522460797618
0.028833333333333332,-0.15129773623742715
0.028916666666666667,-0.1936718527352989
0.028999999999999998,-0.14807063545873927
0.029083333333333333,-0.1598521091543334
0.029166666666666667,-0.16457721461671213
0.029249999999999998,-0.1568161183823717
0.029333333333333333,-0.16182238477361005
0.029416666666666667,-0.14399840118140786
0.0295,-0.15639767356738923
0.029583333333333333,-0.14409862541004784
0.029666666666666664,-0.15279650154591717
0.02975,-0.1713959461382793
0.029833333333333333,-0.15155504924540342
0.029916666666666664,-0.13219256667346788
0.03,-0.1088730880474247
0.030083333333333333,-0.15014454090877632
0.030166666666666665,-0.13291986117564408
0.03025,-0.13561822216876068
0.030333333333333334,-0.11763207627896326
0.030416666666666665,-0.12913154759564868
0.0305,-0.17624226183811192
0.030583333333333334,-0.09519310563440848
0.030666666666666665,-0.15348398453184003
0.03075,-0.11770892001026545
0.03083333333333333,-0.14627906509524566
0.030916666666666665,-0.08831217945392988
0.031,-0.0988432646377684
0.03108333333333333,-0.07586381847229429
0.031166666666666665,-0.09456516258756148
0.03125,-0.10144548793492779
0.03133333333333333,-0.1068784740748794
0.03141666666666666,-0.07437161085278879
0.0315,-0.07477974774886113
0.03158333333333333,-0.07457627642157064
0.03166666666666666,-0.11020360370859983
0.03175,-0.07898726210228656
0.03183333333333333,-0.044605170711377526
0.03191666666666666,-0.046399096835491455
0.032,-0.0720329101193567
0.03208333333333333,-0.05023866724151856
0.03216666666666666,-0.04997379181602557
0.03225,-0.0662248617739974
0.03233333333333333,-0.06979505400948458
0.03241666666666666,-0.07443652652790306
0.0325,-0.06101664434365897
0.03258333333333333,-0.057730647092996024
0.03266666666666666,-0.03195714892285206
0.03275,-0.01269328423190845
0.03283333333333333,-0.03968763691781092
0.032916666666666664,-0.0073649565208452495
0.033,-0.031896523112889735
0.03308333333333333,-0.017267472481084765
0.033166666666666664,0.013516145065729871
0.03325,-0.015166261335625025
0.03333333333333333,-0.019245764627985495
0.033416666666666664,0.01909800992718212
0.0335,0.0037756366465022144
0.03358333333333333,-0.06332412839170426
0.033666666666666664,-0.0025464096042689156
0.03375,0.006894757701318921
0.03383333333333333,0.01586964825386845
0.033916666666666664,0.05854944799006252
0.033999999999999996,0.024000831465523176
0.034083333333333334,0.034172178158029455
0.034166666666666665,0.049164652475892856
0.034249999999999996,0.01653667975131809
0.034333333333333334,0.04228302362456694
0.034416666666666665,0.02838602879025662
0.034499999999999996,0.0528779500293443
0.034583333333333334,0.07492167025392535
0.034666666666666665,0.05998479563649778
0.034749999999999996,0.06739161684244452
0.034833333333333334,0.06756280762960705
0.034916666666666665,0.07608503712654247
0.034999999999999996,0.06613692381284193
0.035083333333333334,0.045899982327724256
0.035166666666666666,0.07620635685227689
0.03525,0.07264023939529916
0.035333333333333335,0.09716065374272481
0.035416666666666666,0.09786144066790459
0.0355,0.09203940798736021
0.035583333333333335,0.08875775062734849
0.035666666666666666,0.09150021677002586
0.03575,0.11773159591819626
0.035833333333333335,0.10739300755348866
0.035916666666666666,0.11020445401846199
0.036,0.15603019891822537
0.036083333333333335,0.13319952464035584
0.036166666666666666,0.09957564635499934
0.03625,0.129022852390984
0.036333333333333336,0.11555216529043948
0.03641666666666667,0.14720381116499098
0.0365,0.08390805136524127
0.03658333333333333,0.1451326566566914
0.03666666666666667,0.12337613040298925
0.03675,0.14629832056709238
0.03683333333333333,0.136334948972741
0.03691666666666667,0.1503280894184066
0.037,0.12845737153480147
0.03708333333333333,0.12793113506631051
0.03716666666666667,0.1283030951910261
0.03725,0.1250328939017314
0.03733333333333333,0.13087545101849998
0.03741666666666667,0.17662564402473666
0.0375,0.11301784139764506
0.03758333333333333,0.15051109169711707
0.03766666666666667,0.13968680966804603
0.03775,0.12918555073811566
0.03783333333333333,0.153654077332366
0.03791666666666667,0.16508229592705542
0.038,0.18529203172193215
0.03808333333333333,0.12964235928046156
0.03816666666666667,0.16172546554051648
0.03825,0.17153096484411381
0.03833333333333333,0.18691413230518517
0.03841666666666667,0.1567054988715871
0.0385,0.14831856364742074
0.03858333333333333,0.1800673619006643
0.03866666666666667,0.1639570988629424
0.03875,0.18050576488239686
0.03883333333333333,0.15574799833041902
0.03891666666666666,0.20470514318179756
0.039,0.18056390486832966
0.03908333333333333,0.15855916513236976
0.03916666666666666,0.15124038099614182
0.03925,0.17825649770191254
0.03933333333333333,0.13904922876012563
0.03941666666666666,0.171864123462816
0.0395,0.19456904338566056
0.03958333333333333,0.1478400821072542
0.03966666666666666,0.14298539098898336
0.03975,0.13532722596000316
0.03983333333333333,0.17967264023209503
0.03991666666666666,0.2025877681911384
0.04,0.16493830836405876
0.04008333333333333,0.18711662542082272
0.04016666666666666,0.15001510298183712
0.04025,0.14089914630973682
0.04033333333333333,0.1993765913815978
0.04041666666666666,0.1542760887753721
0.0405,0.13406179702707038
0.04058333333333333,0.2121700876480362
0.04066666666666666,0.16646536951815033
0.04075,0.17828883136785156
0.04083333333333333,0.1663738453879758
0.040916666666666664,0.13268728180072106
0.041,0.16111864890930036
0.04108333333333333,0.12985032944603273
0.041166666666666664,0.17834486345127148
0.04125,0.16967251678936168
0.04133333333333333,0.15760899752469523
0.041416666666666664,0.14338516631703652
0.041499999999999995,0.13931918293592674
0.04158333333333333,0.1626240373815763
0.041666666666666664,0.14783563065482502
0.041749999999999995,0.14645969963770752
0.041833333333333333,0.14822169176376493
0.041916666666666665,0.1471686928936635
0.041999999999999996,0.14493217817906096
0.042083333333333334,0.160802099683304
0.042166666666666665,0.15259204964087633
0.042249999999999996,0.13430268819628485
0.042333333333333334,0.11859555017625148
0.042416666666666665,0.12693919948373183
0.042499999999999996,0.10509159063703019
0.042583333333333334,0.14935263179343328
0.042666666666666665,0.1279252424794085
0.042749999999999996,0.11476819312272056
0.042833333333333334,0.11407125979103232
0.042916666666666665,0.14859773065827564
0.043,0.09991265516121109
0.043083333333333335,0.07147482182523412
0.043166666666666666,0.1329030140275105
0.04325,0.0929752402887679
0.043333333333333335,0.1012671681169044
0.043416666666666666,0.12790378140346673
0.0435,0.09389469463131903
0.043583333333333335,0.10621916613948723
0.043666666666666666,0.12365021103449912
0.04375,0.07898395605365252
0.043833333333333335,0.0759289142000265
0.043916666666666666,0.08609134931717799
0.044,0.10340378322882582
0.04408333333333333,0.09221686015290873
0.04416666666666667,0.1003459159108499
0.04425,0.09354067640376433
0.04433333333333333,0.08592820311760163
0.04441666666666667,0.106876758948768
0.0445,0.08809211600907738
0.04458333333333333,0.07999718898741641
0.04466666666666667,0.09733756526397236
0.04475,0.09654959088678025
0.04483333333333333,0.08654110949155415
0.04491666666666667,0.07525564788554408
0.045,0.06984990597157432
0.04508333333333333,0.0957724587512239
0.04516666666666667,0.07318956699056253
0.04525,0.04631273192718111
0.04533333333333333,0.06911945728526847
0.04541666666666667,0.049556212620491105
0.0455,0.03168399624489836
0.04558333333333333,0.08716354810811466
0.04566666666666667,0.08892382527773539
0.04575,0.07320742795116011
0.04583333333333333,0.03870677169766491
0.04591666666666667,0.1092497610769024
0.046,0.08281520279113201
0.04608333333333333,0.04687581544737294
0.04616666666666667,0.07697800912828182
0.04625,0.03217089585263003
0.04633333333333333,0.05041848384505882
0.04641666666666667,0.03695149100279581
0.0465,0.06736609059375726
0.04658333333333333,0.07298359534447552
0.04666666666666666,0.03289311138203947
0.04675,0.05949948927605207
0.04683333333333333,0.03319305559487278
0.04691666666666666,0.03347180390030053
0.047,0.015668064438727942
0.04708333333333333,0.041937259658133365
0.04716666666666666,0.031671103305097724
0.04725,0.04412394306290843
0.04733333333333333,0.040595434126434224
0.04741666666666666,0.023852408802688747
0.0475,0.02459958802309159
0.04758333333333333,0.05428322785641118
0.04766666666666666,-0.018705759626573518
0.04775,0.003066521438388481
0.04783333333333333,0.038971117044568376
0.04791666666666666,0.05229306719330634
0.048,0.049207465154676326
0.04808333333333333,0.03334801730149579
0.04816666666666666,0.01634720645151191
0.04825,0.026602600987023793
0.04833333333333333,0.04107094009889038
0.04841666666666666,0.022440739981252872
0.0485,0.03418359753392826
0.04858333333333333,0.02667147834675028
0.048666666666666664,0.011410908841716817
0.04875,-0.006819300312798423
0.04883333333333333,0.031977693768365956
0.048916666666666664,-0.0009379947206254388
0.048999999999999995,0.021115381442295616
0.04908333333333333,0.0476436665388552
0.049166666666666664,0.012663714978261157
0.049249999999999995,-0.01902812008726984
0.04933333333333333,-0.0024828041576311424
0.049416666666666664,0.0301435124390375
0.049499999999999995,-0.005152249646884913
0.04958333333333333,-0.013995866560293132
0.049666666666666665,-0.01692808323306528
0.049749999999999996,0.012416567533354007
0.049833333333333334,0.02118047175493603
0.049916666666666665,-0.046520976034239846
0.049999999999999996,-0.0020301521835454413
0.050083333333333334,-0.029376443612917403
0.050166666666666665,0.004447881826732499
0.050249999999999996,-0.007844749630818725
0.050333333333333334,-0.007062530943604022
0.050416666666666665,-0.04638248305574951
0.050499999999999996,0.006323397059897555
0.050583333333333334,0.0074962174620252075
0.050666666666666665,-0.004266394989805713
0.050749999999999997,-0.0012162050770884907
0.050833333333333335,-0.03434474635596234
0.050916666666666666,0.013706663122004584
0.051,-0.02217285334353343
0.051083333333333335,-0.006288649464820199
0.051166666666666666,-0.008161857134757904
0.05125,-0.016559202301078997
0.051333333333333335,-0.0050639480181640766
0.051416666666666666,-0.029935985701112482
0.0515,-0.02286230939258006
0.05158333333333333,-0.03219204524577178
0.051666666666666666,-0.04909203751850906
0.05175,-0.028191503600987856
0.05183333333333333,-0.04368182023599097
0.051916666666666667,-0.027895782844380084
0.052,0.0035690507503211115
0.05208333333333333,0.013034394536518092
0.05216666666666667,-0.045225716168371184
0.05225,0.015410002817196525
0.05233333333333333,0.0013235640229592588
0.05241666666666667,-0.017525336628063756
0.0525,-0.03440675323148163
0.05258333333333333,-0.03651326488339096
0.05266666666666667,-0.0678871051079604
0.05275,-0.046161776149727184
0.05283333333333333,-0.036709861457380116
0.05291666666666667,-0.01393070639508965
0.053,-0.06135147379921227
0.05308333333333333,-0.06258530275430019
0.05316666666666667,-0.015761238667785477
0.05325,-0.06455645058319896
0.05333333333333333,-0.038089429908227175
0.05341666666666667,-0.04789564738312129
0.0535,-0.018324976271012757
0.05358333333333333,-0.046382354687799006
0.05366666666666667,-0.02712137163904881
0.05375,-0.0771459799670628
0.05383333333333333,-0.004478521748746758
0.05391666666666667,-0.04668412250122814
0.054,-0.0469404364389924
0.05408333333333333,-0.045754723031165234
0.05416666666666666,-0.064813697634009
0.05425,-0.06240984860326086
0.05433333333333333,-0.05887299516110689
0.05441666666666666,-0.06614419890707837
0.0545,-0.08043049220294336
0.05458333333333333,-0.05154229350924262
0.05466666666666666,-0.09703669769744827
0.05475,-0.051708369286256314
0.05483333333333333,-0.06749708964461644
0.05491666666666666,-0.10524238616864848
0.055,-0.0619693167258793
0.05508333333333333,-0.08131808729970999
0.05516666666666666,-0.07140356404622415
0.05525,-0.06256404130062106
0.05533333333333333,-0.10640412986060938
0.05541666666666666,-0.09666812821366386
0.0555,-0.1080804626401243
0.05558333333333333,-0.07558035005475451
0.05566666666666666,-0.0884861567143784
0.05575,-0.066342827362522
0.05583333333333333,-0.08301088699412894
0.05591666666666666,-0.0885100246015985
0.056,-0.08839631947360471
0.05608333333333333,-0.08038234685072887
0.05616666666666666,-0.08450631760947414
0.05625,-0.08533502283704726
0.05633333333333333,-0.12546051750531462
0.056416666666666664,-0.09906489475742462
0.056499999999999995,-0.13947106441718496
0.05658333333333333,-0.11773666906892359
0.056666666666666664,-0.12081217834694219
0.056749999999999995,-0.11300644539919051
0.05683333333333333,-0.08721314462941895
0.056916666666666664,-0.12297865132624865
0.056999999999999995,-0.16277439362399337
0.05708333333333333,-0.12045856434897308
0.057166666666666664,-0.12461607458832627
0.057249999999999995,-0.13456138594183942
0.05733333333333333,-0.07680799795242133
0.057416666666666664,-0.0980624785697326
0.057499999999999996,-0.14170852861444477
0.057583333333333334,-0.12930269791324275
0.057666666666666665,-0.13031640035537606
0.057749999999999996,-0.16662942554913243
0.057833333333333334,-0.12384083591824663
0.057916666666666665,-0.10225807357844922
0.057999999999999996,-0.14656425394409145
0.058083333333333334,-0.13776424883922636
0.058166666666666665,-0.16148172811930345
0.058249999999999996,-0.13877953050702999
0.058333333333333334,-0.16086018476598518
0.058416666666666665,-0.15755878292690945
0.058499999999999996,-0.17725348580716063
0.058583333333333334,-0.1785658478082096
0.058666666666666666,-0.13844375441584905
0.05875,-0.12916130399582923
0.058833333333333335,-0.15897446681184468
0.058916666666666666,-0.1559154937982948
0.059,-0.184425482708244
0.05908333333333333,-0.156853807616004
0.059166666666666666,-0.1487299884123949
0.05925,-0.1582706570815471
0.05933333333333333,-0.17862055696617346
0.059416666666666666,-0.18566391795983067
0.0595,-0.161023639480384
0.05958333333333333,-0.1614324323721335
0.059666666666666666,-0.14093330001428514
0.05975,-0.15599197414016203
0.05983333333333333,-0.15362632604572618
0.05991666666666667,-0.17843665080839727
0.06,-0.1882818396377351
0.06008333333333333,-0.18350988781749328
0.06016666666666667,-0.1622077887384366
0.06025,-0.1778425276456368
0.06033333333333333,-0.18410385430491544
0.06041666666666667,-0.14098769091997077
0.0605,-0.17121000555819924
0.06058333333333333,-0.1434663346662073
0.06066666666666667,-0.18862837548807346
0.06075,-0.20228371581508184
0.06083333333333333,-0.16877508181317083
0.06091666666666667,-0.18032633751445626
0.061,-0.1867734103459302
0.06108333333333333,-0.20243187693878467
0.06116666666666667,-0.18894842546491494
0.06125,-0.1750442700016241
0.06133333333333333,-0.15631417484632404
0.06141666666666667,-0.16440127361259024
0.0615,-0.12836030357049572
0.06158333333333333,-0.17907751421729318
0.06166666666666666,-0.14267332477770162
0.06175,-0.1305234360288668
0.06183333333333333,-0.19153218129798227
0.06191666666666666,-0.1709452326511922
0.062,-0.1540274144726213
0.06208333333333333,-0.17458026736007312
0.06216666666666666,-0.14521388788998452
0.06225,-0.1500011143332556
0.06233333333333333,-0.1957813078859047
0.06241666666666666,-0.18114878381138247
0.0625,-0.1733029827419316
0.06258333333333334,-0.14056934889900297
0.06266666666666666,-0.16635008585409244
0.06275,-0.17635469743827425
0.06283333333333332,-0.15717375123739458
0.06291666666666666,-0.16609611964461937
0.063,-0.13973650893480918
0.06308333333333332,-0.17234615536947753
0.06316666666666666,-0.14828008784448626
0.06325,-0.1551611363185093
0.06333333333333332,-0.1613920770808448
0.06341666666666666,-0.12103492658022513
0.0635,-0.14237085084757387
0.06358333333333333,-0.15707551237120035
0.06366666666666666,-0.08258804010004955
0.06375,-0.1511103459419018
0.06383333333333333,-0.11379119082826683
0.06391666666666666,-0.11425724482283363
0.064,-0.1354355983415399
0.06408333333333333,-0.12449676748882722
0.06416666666666666,-0.13857348199318667
0.06425,-0.13718495841740488
0.06433333333333333,-0.11207383720080892
0.06441666666666666,-0.1282414109594121
0.0645,-0.07803199942904064
0.06458333333333333,-0.09916105566636998
0.06466666666666666,-0.11552628823448152
0.06475,-0.09824413538779442
0.06483333333333333,-0.10188375198989862
0.06491666666666666,-0.060757410234249576
0.065,-0.07369503818283192
0.06508333333333333,-0.07122663183072557
0.06516666666666666,-0.06301194071211083
0.06525,-0.05168007851687417
0.06533333333333333,-0.034265335277099226
0.06541666666666666,-0.09611880451374058
0.0655,-0.04050024514462197
0.06558333333333333,-0.06948205433595434
0.06566666666666666,-0.07836704793600971
0.06575,-0.03744331831728234
0.06583333333333333,0.008826498785700465
0.06591666666666667,-0.04591551683837006
0.066,-0.025625422669057107
0.06608333333333333,-0.048135789660499737
0.06616666666666667,-0.047011971501702304
0.06625,-0.06575774665254847
0.06633333333333333,-0.01472314409576982
0.06641666666666667,0.00016360058208036293
0.0665,0.0016687409055224315
0.06658333333333333,-0.0005807104881750103
0.06666666666666667,-0.028320052967736833
0.06675,-0.033544900167842465
0.06683333333333333,0.02279056971221032
0.06691666666666667,0.0015149815106022223
0.067,0.01956787761508019
0.06708333333333333,-0.004154736726822678
0.06716666666666667,0.024045759826623856
0.06725,0.044320185147714915
0.06733333333333333,0.009679574701132676
0.06741666666666667,0.02423756201722729
0.0675,0.08395359856107962
0.06758333333333333,0.048397478612854886
0.06766666666666667,0.05370871749731425
0.06775,0.08385557536584934
0.06783333333333333,0.07301391015988311
0.06791666666666667,0.05209302111343289
0.06799999999999999,0.04269318329933666
0.06808333333333333,0.08153359014191605
0.06816666666666667,0.07339701995376781
0.06824999999999999,0.07564125483458106
0.06833333333333333,0.06473341842765529
0.06841666666666667,0.07236717113597518
0.06849999999999999,0.06152967710086059
0.06858333333333333,0.08052110149352881
0.06866666666666667,0.07481167205264601
0.06874999999999999,0.11548303599220745
0.06883333333333333,0.0836412483036414
0.06891666666666667,0.0802022863705058
0.06899999999999999,0.12210125783547945
0.06908333333333333,0.11584066515167159
0.06916666666666667,0.10722894271510237
0.06924999999999999,0.09327242473720547
0.06933333333333333,0.10772095787502398
0.06941666666666667,0.11724959662810064
0.06949999999999999,0.14645088244645144
0.06958333333333333,0.12162639442687964
0.06966666666666667,0.12556151287546274
0.06974999999999999,0.12720322713989737
0.06983333333333333,0.14396204873291685
0.06991666666666667,0.15046640341770257
0.06999999999999999,0.1552834732433664
0.07008333333333333,0.12423960499917719
0.07016666666666667,0.12370290152504318
0.07024999999999999,0.1168928905768125
0.07033333333333333,0.16560576864150284
0.07041666666666667,0.17535538010300944
0.0705,0.11745345720546475
0.07058333333333333,0.1510947278534294
0.07066666666666667,0.17016866623311466
0.07075,0.15356206703654088
0.07083333333333333,0.1353556817087763
0.07091666666666667,0.15848934647101984
0.071,0.16023814576241271
0.07108333333333333,0.1560362790430746
0.07116666666666667,0.14667842053720873
0.07125,0.16816220357271003
0.07133333333333333,0.18881019422256204
0.07141666666666667,0.15095286879368122
0.0715,0.15029367737457547
0.07158333333333333,0.1542893697672008
0.07166666666666667,0.14860357095903873
0.07175,0.21427039577045268
0.07183333333333333,0.16481788393890137
0.07191666666666667,0.18701025830930132
0.072,0.19367752872101096
0.07208333333333333,0.1717473051285276
0.07216666666666667,0.14091323683756674
0.07225,0.16622032327739764
0.07233333333333333,0.17874323900468808
0.07241666666666667,0.14068318005101316
0.0725,0.1760780866414276
0.07258333333333333,0.20586185702304238
0.07266666666666667,0.18947390115626167
0.07275,0.17250134339264223
0.07283333333333333,0.14661670618257608
0.07291666666666666,0.13806842398588465
0.073,0.1629597649002841
0.07308333333333333,0.21206114388658992
0.07316666666666666,0.1796194432908479
0.07325,0.16759721804284147
0.07333333333333333,0.18086676993773562
0.07341666666666666,0.16022141332454837
0.0735,0.15141256853177484
0.07358333333333333,0.1757444206620072
0.07366666666666666,0.13365391120381387
0.07375,0.14016337264419224
0.07383333333333333,0.18178025081819324
0.07391666666666666,0.16559599305600978
0.074,0.14481171583286775
0.07408333333333333,0.19570906016435544
0.07416666666666666,0.18156574377811752
0.07425,0.16344158006471873
0.07433333333333333,0.1903507441823971
0.07441666666666666,0.182650401732589
0.0745,0.15055305247347725
0.07458333333333333,0.1653394263568449
0.07466666666666666,0.157471579754537
0.07475,0.17047177681517292
0.07483333333333334,0.17079351689469074
0.07491666666666666,0.1394232323520307
0.075,0.12888985414440338
0.07508333333333334,0.1369887307802041
0.07516666666666666,0.1603305594808404
0.07525,0.16168106319856482
0.07533333333333334,0.17700366106004167
0.07541666666666666,0.15689285401160666
0.0755,0.14962297036238853
0.07558333333333334,0.192691337492866
0.07566666666666666,0.1194941888436249
0.07575,0.07662337056568772
0.07583333333333334,0.1028665698333331
0.07591666666666666,0.1416124371149436
0.076,0.14543238639552766
0.07608333333333334,0.10360844190357912
0.07616666666666666,0.09475912709714458
0.07625,0.09589623698793077
0.07633333333333334,0.12435341855075317
0.07641666666666666,0.12005367860879086
0.0765,0.1306754442958828
0.07658333333333334,0.1504195085987211
0.07666666666666666,0.12942334454324478
0.07675,0.1220378705311304
0.07683333333333334,0.11616884132019004
0.07691666666666666,0.0926670679964198
0.077,0.09721755986880214
0.07708333333333334,0.11979926030806264
0.07716666666666666,0.0848926138974862
0.07725,0.09011709186851072
0.07733333333333334,0.09795411335010817
0.07741666666666666,0.07523748853439853
0.0775,0.10643915171705029
0.07758333333333334,0.09612594490161393
0.07766666666666666,0.09188924443377709
0.07775,0.08416679530531297
0.07783333333333332,0.08679998931549804
0.07791666666666666,0.11495238476469698
0.078,0.09181462365717494
0.07808333333333332,0.028178519914645324
0.07816666666666666,0.047328592914914085
0.07825,0.089733625652121
0.07833333333333332,0.045831584916057676
0.07841666666666666,0.11589816728300176
0.0785,0.05501274534784783
0.07858333333333332,0.06089478640872224
0.07866666666666666,0.03778272831586543
0.07875,0.09072852470561021
0.07883333333333332,0.10614576091989993
0.07891666666666666,0.07802789294893736
0.079,0.037314980412816334
0.07908333333333332,0.04067042355070129
0.07916666666666666,0.04664280062094204
0.07925,0.061608219481866684
0.07933333333333333,0.037704350021934924
0.07941666666666666,0.07133215544482263
0.0795,0.003111031561482548
0.07958333333333333,0.06086153136199026
0.07966666666666666,0.04519089013735121
0.07975,0.01657414202578164
0.07983333333333333,0.08307119506777408
0.07991666666666666,0.03282093550032954
0.08,0.05782583555756025
0.08008333333333333,0.05964974150492332
0.08016666666666666,0.053335575429520686
0.08025,0.05300359003849344
0.08033333333333333,0.061056668028043895
0.08041666666666666,0.012015535694804992
0.0805,0.0020895965181026675
0.08058333333333333,0.040457185399397085
0.08066666666666666,0.04989679370415396
0.08075,0.03250114276311816
0.08083333333333333,0.03105549394308459
0.08091666666666666,0.017686444125694048
0.081,0.016805899205239158
0.08108333333333333,0.009065759578300586
0.08116666666666666,0.04857057042291823
0.08125,0.03945534569241897
0.08133333333333333,0.03882846417211758
0.08141666666666666,-0.026878661942712594
0.0815,0.038336561228182894
0.08158333333333333,0.014370413470419776
0.08166666666666667,0.03889877734504396
0.08175,-0.004497637247875018
0.08183333333333333,0.031689953226491596
0.08191666666666667,0.0066858742741785
0.082,0.02329285387344509
0.08208333333333333,0.04535951618523677
0.08216666666666667,-0.011331791711290659
0.08225,0.019794910778782017
0.08233333333333333,0.01191238343066467
0.08241666666666667,-0.01784105840384918
0.0825,0.021447138616819992
0.08258333333333333,0.010987444089396427
0.08266666666666667,0.01641359443539675
0.08275,0.012616742206169719
0.08283333333333333,0.003616362981478798
0.08291666666666667,0.051679048194287716
0.08299999999999999,-0.02010332129201564
0.08308333333333333,0.020702372716252086
0.08316666666666667,-0.00859522340920394
0.08324999999999999,-0.0069079885875104625
0.08333333333333333,-0.03147254553645055
0.08341666666666667,-0.02058349158336863
0.08349999999999999,0.012291012958783112
0.08358333333333333,0.009045240083359263
0.08366666666666667,0.0027314478760152878
0.08374999999999999,0.014468085540333258
0.08383333333333333,-0.0009055881880885726
0.08391666666666667,-0.02390427731673052
0.08399999999999999,-0.002179120093293352
0.08408333333333333,-0.015056201142174146
0.08416666666666667,-0.003520451068798715
0.08424999999999999,0.00900213441602361
0.08433333333333333,0.018798960663348543
0.08441666666666667,-0.005493274166828388
0.08449999999999999,-0.012624384961853785
0.08458333333333333,-0.004447685167251613
0.08466666666666667,-0.011697988114087642
0.08474999999999999,-0.012529291812705992
0.08483333333333333,-0.018568916960167
0.08491666666666667,-0.018165694903075562
0.08499999999999999,-0.01475106328429713
0.08508333333333333,-0.0013690236121557363
0.08516666666666667,-0.0261148143574959
0.08524999999999999,-0.04291231741521611
0.08533333333333333,0.0019440617396976612
0.08541666666666667,-0.03136737533531874
0.08549999999999999,-0.04841194571091545
0.08558333333333333,-0.053213466973643736
0.08566666666666667,-0.03897652408041827
0.08574999999999999,-0.02174032473014733
0.08583333333333333,-0.021804416510561874
0.08591666666666667,-0.008601268030030685
0.086,-0.01959182307153952
0.08608333333333333,-0.05201181920455842
0.08616666666666667,-0.054497708289249686
0.08625,-0.008069943910582886
0.08633333333333333,0.007771061605492714
0.08641666666666667,-0.0029098823244407407
0.0865,-0.014762362709269061
0.08658333333333333,-0.007600294446682372
0.08666666666666667,-0.023310983194262256
0.08675,-0.037443995065411836
0.08683333333333333,-0.02930053080284293
0.08691666666666667,-0.027799850101262923
0.087,-0.022487382960011824
0.08708333333333333,-0.03672521308932805
0.08716666666666667,-0.030171739274508894
0.08725,-0.07608338438802936
0.08733333333333333,-0.035316869901162465
0.08741666666666667,-0.051815764853710033
0.0875,-0.07933777258725017
0.08758333333333333,-0.08288231199853119
0.08766666666666667,-0.0452026442979821
0.08775,-0.06351076603328827
0.08783333333333333,-0.05491205367921352
0.08791666666666666,-0.020411371830382517
0.088,-0.06591324561832458
0.08808333333333333,-0.06437883132082058
0.08816666666666666,-0.04578002214501321
0.08825,-0.0451140916968253
0.08833333333333333,-0.05767830698399283
0.08841666666666666,-0.0698860326214094
0.0885,-0.07478215303387495
0.08858333333333333,-0.10259155911858354
0.08866666666666666,-0.08825119562128214
0.08875,-0.09643852377371184
0.08883333333333333,-0.09196051187014571
0.08891666666666666,-0.0863104790818639
0.089,-0.07547993399364997
0.08908333333333333,-0.11290037329186406
0.08916666666666666,-0.08340867395072399
0.08925,-0.09049628737072261
0.08933333333333333,-0.13128196176573353
0.08941666666666666,-0.13383939971150718
0.0895,-0.10588471490468589
0.08958333333333333,-0.12238746492614673
0.08966666666666666,-0.1219425873709642
0.08975,-0.12226802580537384
0.08983333333333333,-0.1060435555202527
0.08991666666666666,-0.12473608277372257
0.09,-0.11053998546130843
0.09008333333333333,-0.09937943912785047
0.09016666666666666,-0.1541153250994712
0.09025,-0.13149710439238854
0.09033333333333333,-0.1082458142302204
0.09041666666666666,-0.1363833792507198
0.0905,-0.12483093926936616
0.09058333333333334,-0.1219708533622943
0.09066666666666666,-0.1430530242018572
0.09075,-0.15029869172795637
0.09083333333333334,-0.13363008151304778
0.09091666666666666,-0.10817960145758831
0.091,-0.1446779684683331
0.09108333333333334,-0.14780436716861894
0.09116666666666666,-0.14216823795177674
0.09125,-0.17528844632744167
0.09133333333333334,-0.13668224024046888
0.09141666666666666,-0.0799877975272689
0.0915,-0.1465418884646466
0.09158333333333334,-0.15009245914316285
0.09166666666666666,-0.164370668854725
0.09175,-0.18581442295728198
0.09183333333333334,-0.17252965802669087
0.09191666666666666,-0.10880506341995622
0.092,-0.1462154206627662
0.09208333333333334,-0.2033879810393028
0.09216666666666666,-0.13956995383849818
0.09225,-0.20561010177533434
0.09233333333333334,-0.16678230324279159
0.09241666666666666,-0.16371118259706868
0.0925,-0.1717642259336225
0.09258333333333334,-0.16816533576439255
0.09266666666666666,-0.1722300195755623
0.09275,-0.18895353431328576
0.09283333333333334,-0.18712084028288292
0.09291666666666666,-0.14331786816187916
0.093,-0.20334247453472815
0.09308333333333332,-0.1260565705011194
0.09316666666666666,-0.19829990082167775
0.09325,-0.1925243747925749
0.09333333333333332,-0.18402174506348296
0.09341666666666666,-0.18700633240659598
0.0935,-0.16215531150261486
0.09358333333333332,-0.17656018067397525
0.09366666666666666,-0.20837659859599844
0.09375,-0.22429959389273124
0.09383333333333332,-0.17659085044405964
0.09391666666666666,-0.16252741423097522
0.094,-0.21703142605874354
0.09408333333333332,-0.17527715597444213
0.09416666666666666,-0.1795236524779374
0.09425,-0.1876294046257328
0.09433333333333332,-0.17613775103919238
0.09441666666666666,-0.14881024495903045
0.0945,-0.18676278200004653
0.09458333333333332,-0.18066984318897927
0.09466666666666666,-0.1677834054444993
0.09475,-0.17254079226266347
0.09483333333333333,-0.13245702195937886
0.09491666666666666,-0.17693592418562482
0.095,-0.15320728418008395
0.09508333333333333,-0.16718711919657242
0.09516666666666666,-0.17878691326905308
0.09525,-0.18945421363579112
0.09533333333333333,-0.1532288693179282
0.09541666666666666,-0.19861163813515342
0.0955,-0.12204039978502085
0.09558333333333333,-0.13156988432753197
0.09566666666666666,-0.15633667285150263
0.09575,-0.14624282704093172
0.09583333333333333,-0.181572998151218
0.09591666666666666,-0.1438924911622827
0.096,-0.18471355042720786
0.09608333333333333,-0.19837898637543408
0.09616666666666666,-0.17113563528383893
0.09625,-0.14182935429246418
0.09633333333333333,-0.14170036638707692
0.09641666666666666,-0.12850886524567723
0.0965,-0.17430172330294497
0.09658333333333333,-0.11610341789128165
0.09666666666666666,-0.09219165248160802
0.09675,-0.14798580738742942
0.09683333333333333,-0.15986576635964062
0.09691666666666666,-0.14278736882827586
0.097,-0.10907393648372526
0.09708333333333333,-0.1581447710517126
0.09716666666666667,-0.13076967052076127
0.09725,-0.11738264636395372
0.09733333333333333,-0.12247981250160138
0.09741666666666667,-0.1034314933534482
0.0975,-0.12217787543960422
0.09758333333333333,-0.11723655578478201
0.09766666666666667,-0.07463348966403122
0.09775,-0.11753993452199232
0.09783333333333333,-0.1075806769901638
0.09791666666666667,-0.10872179186589676
0.09799999999999999,-0.06342964757286983
0.09808333333333333,-0.09061873459018469
0.09816666666666667,-0.08554343488664454
0.09824999999999999,-0.07477027118468338
0.09833333333333333,-0.09687779185464826
0.09841666666666667,-0.08813309758907557
0.09849999999999999,-0.08356257363618438
0.09858333333333333,-0.06210453326034806
0.09866666666666667,-0.007749081813974566
0.09874999999999999,-0.08242838194910466
0.09883333333333333,-0.06933192548146246
0.09891666666666667,-0.09014790451412827
0.09899999999999999,-0.06589787392538946
0.09908333333333333,-0.0558592675826258
0.09916666666666667,0.0014880005057952214
0.09924999999999999,-0.02885200220134717
0.09933333333333333,-0.01637727535926156
0.09941666666666667,-0.01957571122651954
0.09949999999999999,-0.0034417433688401847
0.09958333333333333,0.01558133800752888
0.09966666666666667,0.0010034440726797121
0.09974999999999999,0.01071589955130351
0.09983333333333333,-0.004649115730975617
0.09991666666666667,-0.01668778616930382
0.09999999999999999,-0.01836058735144818
0.10008333333333333,-0.01660016863756543
0.10016666666666667,-0.0067200816687506115
0.10024999999999999,-0.011920013906616136
0.10033333333333333,0.030212845614417047
0.10041666666666667,0.04661156492396594
0.10049999999999999,-0.019763527942765684
0.10058333333333333,0.012340288599785667
0.10066666666666667,0.016195740740882175
0.10074999999999999,0.025971205304582412
0.10083333333333333,0.009496268638826404
0.10091666666666667,0.009650953259680975
0.10099999999999999,0.03150340322439719
0.10108333333333333,0.045015747289175484
0.10116666666666667,0.043356277923334505
0.10124999999999999,0.025370626996709146
0.10133333333333333,0.07097407482447701
0.10141666666666667,0.10134911334124924
0.10149999999999999,0.06664748570391037
0.10158333333333333,0.07358755224636578
0.10166666666666667,0.08028190557704297
0.10175,0.06698623289752983
0.10183333333333333,0.10021777264848311
0.10191666666666667,0.05640864057368193
0.102,0.08708190258244151
0.10208333333333333,0.10649109527612693
0.10216666666666667,0.1264556049627026
0.10225,0.10952849274784297
0.10233333333333333,0.13455184473366846
0.10241666666666667,0.126834673341606
0.1025,0.10494881139885587
0.10258333333333333,0.13119264368592334
0.10266666666666667,0.10847181073066747
0.10275,0.08578804420068921
0.10283333333333333,0.17714820467132164
0.10291666666666666,0.10254917564423431
0.103,0.12208076248666457
0.10308333333333333,0.14912160449006898
0.10316666666666666,0.16628623688100996
0.10325,0.1189222000596792
0.10333333333333333,0.1542681317584996
0.10341666666666666,0.10143858612640713
0.1035,0.11115102882047295
0.10358333333333333,0.1252872449514681
0.10366666666666666,0.13830302941699796
0.10375,0.16219730440662478
0.10383333333333333,0.13418036631183317
0.10391666666666666,0.16865037497621313
0.104,0.15378751071670746
0.10408333333333333,0.20323673725855262
0.10416666666666666,0.1255756185539893
0.10425,0.142528832620872
0.10433333333333333,0.14828618651581105
0.10441666666666666,0.1668422293217195
0.1045,0.13343630019791955
0.10458333333333333,0.18525315233434378
0.10466666666666666,0.17122256955060094
0.10475,0.189002002313002
0.10483333333333333,0.13911363323125364
0.10491666666666666,0.15478070054524745
0.105,0.16353578385021267
0.10508333333333333,0.12810455679490435
0.10516666666666666,0.15960025005564366
0.10525,0.14677249966028882
0.10533333333333333,0.14397907131229898
0.10541666666666666,0.1940891079692385
0.1055,0.17360350797074584
0.10558333333333333,0.14546969093838058
0.10566666666666666,0.1966279785739628
0.10575,0.16699754430044592
0.10583333333333333,0.13345858459201537
0.10591666666666666,0.13876563299500075
0.106,0.18127621389271362
0.10608333333333334,0.20301413337023405
0.10616666666666666,0.18656550226103358
0.10625,0.13531852060964222
0.10633333333333334,0.14740593941257601
0.10641666666666666,0.1732668597203151
0.1065,0.1925034985536695
0.10658333333333334,0.1476045701393991
0.10666666666666666,0.1571190607032255
0.10675,0.1660083954129059
0.10683333333333334,0.18489274916088425
0.10691666666666666,0.17673203619023778
0.107,0.20499966938110475
0.10708333333333334,0.13110535078905827
0.10716666666666666,0.14893579012040437
0.10725,0.1381132817170242
0.10733333333333334,0.12661439098632954
0.10741666666666666,0.1574454828373027
0.1075,0.15995190227686576
0.10758333333333334,0.1787503946178573
0.10766666666666666,0.17601229686377343
0.10775,0.14294977527381472
0.10783333333333334,0.15817999150543458
0.10791666666666666,0.14205061074281175
0.108,0.1341161574169057
0.10808333333333332,0.18541688697299638
0.10816666666666666,0.14482755534805056
0.10825,0.1648793241070377
0.10833333333333332,0.1544249526596523
0.10841666666666666,0.15325744053829743
0.1085,0.13458765554807686
0.10858333333333332,0.1737656078344786
0.10866666666666666,0.13509707846197302
0.10875,0.14176919295358884
0.10883333333333332,0.12209191231685007
0.10891666666666666,0.15722913743156838
0.109,0.11995499141006462
0.10908333333333332,0.11927970107272824
0.10916666666666666,0.12867944827830585
0.10925,0.1663738507332247
0.10933333333333332,0.1331647249280359
0.10941666666666666,0.15067846100875826
0.1095,0.14187006849393097
0.10958333333333332,0.10486954927949776
0.10966666666666666,0.14328971110271627
0.10975,0.1392161069124109
0.10983333333333332,0.13715599202176934
0.10991666666666666,0.12031690603892901
0.11,0.131898582589342
0.11008333333333332,0.1371227902955751
0.11016666666666666,0.1547835566904161
0.11025,0.11546707963656595
0.11033333333333332,0.1226309271818071
0.11041666666666666,0.13349093308496862
0.1105,0.15063289041564365
0.11058333333333333,0.07803916580241937
0.11066666666666666,0.07867473899072223
0.11075,0.1417948221431106
0.11083333333333333,0.07331673205141735
0.11091666666666666,0.09791572876334363
0.111,0.10716455680809282
0.11108333333333333,0.107434555010166
0.11116666666666666,0.1004601615481272
0.11125,0.08219661067328676
0.11133333333333333,0.05252846405992634
0.11141666666666666,0.10167689380937744
0.1115,0.06773296531107943
0.11158333333333333,0.08058018136162849
0.11166666666666666,0.0626321738423014
0.11175,0.08180066948250432
0.11183333333333333,0.06991642504925004
0.11191666666666666,0.0789536665005241
0.112,0.044957992841317886
0.11208333333333333,0.06002215598949849
0.11216666666666666,0.05940340416628997
0.11225,0.0588487059206944
0.11233333333333333,0.04483936189209497
0.11241666666666666,0.10543043803280097
0.1125,0.05736357423851436
0.11258333333333333,0.07961772079415635
0.11266666666666666,0.05088452016098106
0.11275,0.05823065815845567
0.11283333333333333,0.058863266193002875
0.11291666666666667,0.033084464894245255
0.11299999999999999,0.02473211319112668
0.11308333333333333,0.03443064467390822
0.11316666666666667,0.03759224411779713
0.11324999999999999,0.04676290802147882
0.11333333333333333,0.08241604557523838
0.11341666666666667,0.051112835355043316
0.11349999999999999,0.05451009213379657
0.11358333333333333,0.06445205101684937
0.11366666666666667,0.061693896593567665
0.11374999999999999,0.05045746833369612
0.11383333333333333,0.048660533903475814
0.11391666666666667,0.03963465103032143
0.11399999999999999,0.03590200831265254
0.11408333333333333,0.02876549416019547
0.11416666666666667,0.055565205782246004
0.11424999999999999,0.05150494434068762
0.11433333333333333,0.007440143359363174
0.11441666666666667,0.024767841508304952
0.11449999999999999,0.07933791309524385
0.11458333333333333,0.03679827299304156
0.11466666666666667,0.010826485256095643
0.11474999999999999,-0.0053313613374508725
0.11483333333333333,-0.015578676304993821
0.11491666666666667,-0.001267237133694584
0.11499999999999999,0.033496255658177
0.11508333333333333,-0.0014756242500609702
0.11516666666666667,0.020683315939995346
0.11524999999999999,0.037976142770802246
0.11533333333333333,0.008491053145210831
0.11541666666666667,0.025974729721211655
0.11549999999999999,-0.00943256760778281
0.11558333333333333,0.014171146721127986
0.11566666666666667,0.0470787709172569
0.11574999999999999,5.440424058423925e-05
0.11583333333333333,0.021429860953469375
0.11591666666666667,-0.005383225927811692
0.11599999999999999,0.02348046881455316
0.11608333333333333,0.008105266633858684
0.11616666666666667,-0.0008520398766437712
0.11624999999999999,0.04051611259795429
0.11633333333333333,0.020657372365633274
0.11641666666666667,0.015902501410002153
0.11649999999999999,0.019557832128969978
0.11658333333333333,0.0064212497291159295
0.11666666666666667,-0.017198837806366593
0.11674999999999999,-0.006752143527615827
0.11683333333333333,0.0050422966331145425
0.11691666666666667,-0.020768939421341854
0.11699999999999999,-0.023574710361373714
0.11708333333333333,-0.017866623871092856
0.11716666666666667,-0.023000957659214852
0.11725,0.0021343840079948084
0.11733333333333333,0.003181686488029977
0.11741666666666667,-0.0027587070128078832
0.1175,-0.02279462896324147
0.11758333333333333,-0.025745616319667045
0.11766666666666667,-0.03217543807426047
0.11775,-0.004829680446368453
0.11783333333333333,-0.016235241139767174
0.11791666666666667,-0.046070810480673526
0.118,-0.023488164698227204
0.11808333333333333,-0.034540733946399144
0.11816666666666666,-0.033060782875081185
0.11825,-0.07567823998683669
0.11833333333333333,-0.05413704475525122
0.11841666666666666,-0.05095889382373543
0.1185,-0.04899359627979969
0.11858333333333333,-0.02141961102658739
0.11866666666666666,-0.021118708769578786
0.11875,-0.023948994233038534
0.11883333333333333,-0.024180301860060455
0.11891666666666666,-0.03224420406812205
0.119,-0.028138555409447534
0.11908333333333333,-0.023001451710722164
0.11916666666666666,-0.04625551300592215
0.11925,-0.028194486380213893
0.11933333333333333,-0.014084839375244872
0.11941666666666666,-0.025557445054560944
0.1195,0.02352452119540506
0.11958333333333333,-0.03229882397564209
0.11966666666666666,-0.0489898934908525
0.11975,-0.009651805349237621
0.11983333333333333,-0.018274674100077232
0.11991666666666666,-0.08635594312024587
0.12,-0.015645695018090135
0.12008333333333333,-0.0399939214957778
0.12016666666666666,-0.04104461720767901
0.12025,-0.06601233652684795
0.12033333333333333,-0.0712390217136183
0.12041666666666666,-0.052610592766543875
0.1205,-0.04544281422517284
0.12058333333333333,-0.06482974062352323
0.12066666666666666,-0.0719906165619184
0.12075,-0.06055772431084034
0.12083333333333333,-0.026962019652817304
0.12091666666666666,-0.08795240224372411
0.121,-0.029814820458338994
0.12108333333333333,-0.05542530885181426
0.12116666666666666,-0.09209787742589914
0.12125,-0.044573397589509914
0.12133333333333333,-0.09279774388303269
0.12141666666666666,-0.1042557168380031
0.1215,-0.06712691543254494
0.12158333333333333,-0.05419873689273573
0.12166666666666666,-0.08140745238266085
0.12175,-0.064882475129953
0.12183333333333334,-0.10901594027848378
0.12191666666666666,-0.10423511170398349
0.122,-0.10423960701389985
0.12208333333333334,-0.07188375280917189
0.12216666666666666,-0.07643722853847543
0.12225,-0.0910845016500196
0.12233333333333334,-0.07808309503299367
0.12241666666666666,-0.0751909205721128
0.1225,-0.08547040528648123
0.12258333333333334,-0.1419786474438045
0.12266666666666666,-0.08880908839447041
0.12275,-0.07806507970229078
0.12283333333333334,-0.08601700094685408
0.12291666666666666,-0.11601480464320879
0.123,-0.07721689649560096
0.12308333333333332,-0.14577321611305782
0.12316666666666666,-0.12620696698842357
0.12325,-0.12226117520630134
0.12333333333333332,-0.12997834276988948
0.12341666666666666,-0.1166730072103076
0.1235,-0.10249100001090784
0.12358333333333332,-0.11032568902302345
0.12366666666666666,-0.10757178071479687
0.12375,-0.1348095241363645
0.12383333333333332,-0.13093836724700447
0.12391666666666666,-0.10653584890042589
0.124,-0.14578154924885983
0.12408333333333332,-0.14331923485403159
0.12416666666666666,-0.11255993975751491
0.12425,-0.14518233990346693
0.12433333333333332,-0.1199062025594103
0.12441666666666666,-0.13645698463339095
0.1245,-0.1958766393493269
0.12458333333333332,-0.13823092169715082
0.12466666666666666,-0.1174592203897792
0.12475,-0.14043191301062238
0.12483333333333332,-0.15013480093522655
0.12491666666666666,-0.12111638926346167
0.125,-0.1559981309169137
0.12508333333333332,-0.18352890511261308
0.12516666666666668,-0.16433383938009993
0.12525,-0.16600592296239874
0.12533333333333332,-0.15421029309208392
0.12541666666666668,-0.18070818477981063
0.1255,-0.17026146572016024
0.12558333333333332,-0.16406776667347991
0.12566666666666665,-0.18038804202882636
0.12575,-0.1579676533721149
0.12583333333333332,-0.16158560234910754
0.12591666666666665,-0.1613574820613409
0.126,-0.14405609105451378
0.12608333333333333,-0.14723838506064593
0.12616666666666665,-0.1334202238258753
0.12625,-0.15515173147091493
0.12633333333333333,-0.1674440069373364
0.12641666666666665,-0.16370066223882995
0.1265,-0.15435440536160996
0.12658333333333333,-0.16077502431225177
0.12666666666666665,-0.1382571903462465
0.12675,-0.17011035314991763
0.12683333333333333,-0.1784874869021971
0.12691666666666665,-0.17332348319079113
0.127,-0.18918067960486817
0.12708333333333333,-0.15285271185349933
0.12716666666666665,-0.14406437392604016
0.12725,-0.1763756653957413
0.12733333333333333,-0.14637390701502245
0.12741666666666665,-0.17748758805002282
0.1275,-0.16635066227137593
0.12758333333333333,-0.17109536711537374
0.12766666666666665,-0.1795047258901406
0.12775,-0.17544814871079087
0.12783333333333333,-0.15653597932676266
0.12791666666666665,-0.15569232343858497
0.128,-0.2175491169774908
0.12808333333333333,-0.16480355473941732
0.12816666666666665,-0.16724358033637562
0.12825,-0.1944441154419621
0.12833333333333333,-0.15506101395785604
0.12841666666666665,-0.1612948668818857
0.1285,-0.177330458291296
0.12858333333333333,-0.17859933842422201
0.12866666666666665,-0.1489051630356883
0.12875,-0.14566025678118183
0.12883333333333333,-0.16944464708505486
0.12891666666666665,-0.1454380384797221
0.129,-0.18144469303934163
0.12908333333333333,-0.16010423686385922
0.12916666666666665,-0.14266305240711522
0.12925,-0.12102273575588658
0.12933333333333333,-0.12290759303860802
0.12941666666666665,-0.17515767086918074
0.1295,-0.14496768428958273
0.12958333333333333,-0.13960725797200044
0.12966666666666665,-0.12500848325834968
0.12975,-0.10380311643438195
0.12983333333333333,-0.13221245039845014
0.12991666666666665,-0.12774765053405304
0.13,-0.12834700184151682
0.13008333333333333,-0.11107640182965405
0.13016666666666665,-0.09997200429382166
0.13025,-0.1314417545712872
0.13033333333333333,-0.11415906290718453
0.13041666666666665,-0.13385925759093076
0.1305,-0.12597657795480594
0.13058333333333333,-0.11754362416423955
0.13066666666666665,-0.09743517648084556
0.13075,-0.11736902694512791
0.13083333333333333,-0.12617471916799072
0.13091666666666665,-0.10225452347903127
0.131,-0.09157994565114266
0.13108333333333333,-0.09051248224454403
0.13116666666666665,-0.10434805320189579
0.13125,-0.15395833969457964
0.13133333333333333,-0.09672152223438771
0.13141666666666665,-0.08861352550612767
0.1315,-0.1172943330224472
0.13158333333333333,-0.11121947884341904
0.13166666666666665,-0.05858669820612436
0.13175,-0.055914132255658576
0.13183333333333333,-0.060240107299252874
0.13191666666666665,-0.03243009764274219
0.132,-0.07966109855631168
0.13208333333333333,-0.06189591461592573
0.13216666666666665,-0.07021983265197898
0.13225,-0.03987327681391985
0.13233333333333333,-0.03578148940480869
0.13241666666666665,-0.007518222396436132
0.1325,-0.03134079392577984
0.13258333333333333,-0.01472444157749973
0.13266666666666665,-0.01854304322378442
0.13275,-0.027563804354987644
0.13283333333333333,-0.003322898290625813
0.13291666666666666,-0.0002172636320620508
0.133,-0.03083001121798872
0.13308333333333333,-0.007323506718663879
0.13316666666666666,0.006068682643141228
0.13325,-0.01392414768836617
0.13333333333333333,0.00864956608443413
0.13341666666666666,-0.007919474802235423
0.1335,0.0077222120351234215
0.13358333333333333,0.0029255201663259834
0.13366666666666666,0.04662762026729042
0.13375,-0.005818918511623545
0.13383333333333333,0.050713004384300056
0.13391666666666666,0.008690662983532386
0.134,0.04126597085876158
0.13408333333333333,0.042644213040099126
0.13416666666666666,0.04307055368635516
0.13425,0.008843790902110064
0.13433333333333333,0.04681037246810894
0.13441666666666666,0.06450654363120062
0.1345,0.05028382486453358
0.13458333333333333,0.08076305578639169
0.13466666666666666,0.084835865564258
0.13475,0.06415104598392929
0.13483333333333333,0.0762066541831506
0.13491666666666666,0.07429734048486109
0.135,0.1317579589087708
0.13508333333333333,0.08677795764587828
0.13516666666666666,0.10053321779293377
0.13525,0.0759286039249793
0.13533333333333333,0.07073068977078459
0.13541666666666666,0.11980821712797457
0.1355,0.09956713108327378
0.13558333333333333,0.10991361416227655
0.13566666666666666,0.08912578160379324
0.13574999999999998,0.1605929996917189
0.13583333333333333,0.07489483479874409
0.13591666666666666,0.12161302495567865
0.13599999999999998,0.11855901748355271
0.13608333333333333,0.13351896865117296
0.13616666666666666,0.14582702346341336
0.13624999999999998,0.09054195490669664
0.13633333333333333,0.11860656243536742
0.13641666666666666,0.13199965556714016
0.13649999999999998,0.1081727734502846
0.13658333333333333,0.15853227135316816
0.13666666666666666,0.13597252135830168
0.13674999999999998,0.1480814625125949
0.13683333333333333,0.178134641740607
0.13691666666666666,0.121662378689121
0.13699999999999998,0.15068408234452474
0.13708333333333333,0.14662298122484704
0.13716666666666666,0.14816044527722938
0.13724999999999998,0.13643131480043447
0.13733333333333334,0.14974028462817807
0.13741666666666666,0.13661506605297144
0.13749999999999998,0.15531494811714142
0.13758333333333334,0.14495874155776364
0.13766666666666666,0.17119647595246085
0.13774999999999998,0.1580197550120793
0.13783333333333334,0.15404829421975286
0.13791666666666666,0.15360571059947783
0.13799999999999998,0.1804014609430335
0.13808333333333334,0.1768354570959696
0.13816666666666666,0.16479082397455225
0.13824999999999998,0.15212939520898616
0.13833333333333334,0.17721314587088127
0.13841666666666666,0.19588347767633363
0.13849999999999998,0.16284051807272742
0.13858333333333334,0.16787055274860935
0.13866666666666666,0.1543071292608711
0.13874999999999998,0.17577247695353532
0.13883333333333334,0.17436554269811852
0.13891666666666666,0.13106499835938168
0.13899999999999998,0.20214908527292375
0.13908333333333334,0.1633003932349315
0.13916666666666666,0.1763734811056197
0.13924999999999998,0.18749561161944106
0.13933333333333334,0.18582487842801493
0.13941666666666666,0.19101864175661104
0.13949999999999999,0.19601850357281392
0.13958333333333334,0.1763398099300312
0.13966666666666666,0.17142328972306647
0.13974999999999999,0.16230366921098308
0.13983333333333334,0.20764840195649065
0.13991666666666666,0.14287211318850596
0.13999999999999999,0.14824017611795479
0.14008333333333334,0.19303162627478437
0.14016666666666666,0.1506578133776124
0.14024999999999999,0.15068847316138445
0.14033333333333334,0.16240798331922565
0.14041666666666666,0.1777077661073609
0.14049999999999999,0.1414743180275717
0.14058333333333334,0.1722904045019569
0.14066666666666666,0.19977347276160673
0.14075,0.19584878968575098
0.14083333333333334,0.1618502000380567
0.14091666666666666,0.18297609379629526
0.141,0.17625249357687056
0.14108333333333334,0.13555258103474876
0.14116666666666666,0.1506688668345235
0.14125,0.16878961450307098
0.14133333333333334,0.15798360699183428
0.14141666666666666,0.1622248181339228
0.1415,0.19269201254227836
0.14158333333333334,0.14946112387298524
0.14166666666666666,0.13469828390311575
0.14175,0.19510175932865204
0.14183333333333334,0.13015804491856553
0.14191666666666666,0.15437645445294726
0.142,0.1772277783491883
0.14208333333333334,0.1157793831715431
0.14216666666666666,0.12220768387546489
0.14225,0.14518945582249815
0.14233333333333334,0.15288120266587218
0.14241666666666666,0.11619984146978124
0.1425,0.12567071625320844
0.14258333333333334,0.1457890739065641
0.14266666666666666,0.13832530104221374
0.14275,0.12353654526623846
0.14283333333333334,0.10708343979789871
0.14291666666666666,0.12703283908722973
0.143,0.1239815048038228
0.14308333333333334,0.11394058791311784
0.14316666666666666,0.09532842635335315
0.14325,0.14276629823965936
0.14333333333333334,0.12654540514322643
0.14341666666666666,0.0803834518195844
0.1435,0.10196444057708916
0.14358333333333334,0.10521115735134548
0.14366666666666666,0.06768854951187153
0.14375,0.11275118496821948
0.14383333333333334,0.10075388408019073
0.14391666666666666,0.08801392034585148
0.144,0.08594421034711333
0.14408333333333334,0.12215933084438661
0.14416666666666667,0.0910061064680366
0.14425,0.09626873006811838
0.14433333333333334,0.11330883885429974
0.14441666666666667,0.08383334954791052
0.1445,0.10039768585185804
0.14458333333333334,0.11669200350262215
0.14466666666666667,0.12208269604681823
0.14475,0.09969819862223173
0.14483333333333334,0.05983448554312741
0.14491666666666667,0.11828458439648763
0.145,0.09222969527628071
0.14508333333333334,0.047352655460990226
0.14516666666666667,0.04433506781576649
0.14525,0.05971014379012996
0.14533333333333334,0.08175626867684518
0.14541666666666667,0.042566502247129975
0.1455,0.07860584056239753
0.14558333333333331,0.041816330600418686
0.14566666666666667,0.08356294189344407
0.14575,0.07103773568895594
0.14583333333333331,0.08635864812724721
0.14591666666666667,0.046785232903390615
0.146,0.07893036786980608
0.14608333333333332,0.02307610862676894
0.14616666666666667,0.04192353616051612
0.14625,0.05667710593466204
0.14633333333333332,0.031208922959326646
0.14641666666666667,0.025928502522839233
0.1465,0.027550577499955133
0.14658333333333332,-0.024716064839225296
0.14666666666666667,0.06239003812331818
0.14675,0.0330812257029443
0.14683333333333332,0.023636957326426324
0.14691666666666667,0.031200909983449078
0.147,0.022776023566667105
0.14708333333333332,0.016296506594400063
0.14716666666666667,0.04736945085667642
0.14725,0.05791763788257279
0.14733333333333332,0.004458932094206711
0.14741666666666667,0.0194575024247218
0.1475,0.019314324597729027
0.14758333333333332,0.04266447433021802
0.14766666666666667,0.022031247225316103
0.14775,0.03309279241423567
0.14783333333333332,0.005542184759385421
0.14791666666666667,-0.014858819799567699
0.148,0.011362662443387808
0.14808333333333332,-0.022322115129688486
0.14816666666666667,0.013276782551854193
0.14825,-0.018823221055635973
0.14833333333333332,0.024877210796477388
0.14841666666666667,0.030752682880785937
0.1485,0.035073582627893965
0.14858333333333332,0.016190834985582082
0.14866666666666667,0.0018998323999214351
0.14875,-0.013671098068513372
0.14883333333333332,0.01844718521164499
0.14891666666666667,-0.011019735280084576
0.149,-0.005275428418079913
0.14908333333333332,0.012699640156875813
0.14916666666666667,0.002689512553782236
0.14925,0.007517509923594413
0.14933333333333332,0.017091803489445265
0.14941666666666667,0.003896220937543483
0.1495,0.04286086546456597
0.14958333333333332,0.009239903088440153
0.14966666666666667,0.009323598251705822
0.14975,0.032235875510665465
0.14983333333333332,0.03916548913408809
0.14991666666666667,0.02341413563755414
0.15,0.0105051144097152
0.15008333333333332,0.007676933428182587
0.15016666666666667,0.0140864667628877
0.15025,-0.029031925647403964
0.15033333333333332,-0.03143016311165046
0.15041666666666667,0.0018777108828079009
0.1505,0.03380547892883323
0.15058333333333332,0.018524887685498405
0.15066666666666667,-0.015136537549233784
0.15075,-0.017330243532661
0.15083333333333332,0.020196619912234412
0.15091666666666667,0.011887183094496063
0.151,-0.03968649913373584
0.15108333333333332,-0.01962826095507083
0.15116666666666667,-0.046178191322403424
0.15125,-0.03984436547665554
0.15133333333333332,0.039892954382234
0.15141666666666667,-0.019702528348906883
0.1515,-0.025825150251312906
0.15158333333333332,-0.06034612004331594
0.15166666666666667,0.015713844567549286
0.15175,-0.014175535954367649
0.15183333333333332,-0.02773496773647855
0.15191666666666667,0.0011506069495784872
0.152,0.0006766977777833312
0.15208333333333332,0.005777123955202704
0.15216666666666667,-0.012259408217518327
0.15225,0.021323264651884298
0.15233333333333332,-0.06264930838692187
0.15241666666666667,-0.04484813327789647
0.1525,-0.01356978821566654
0.15258333333333332,-0.03649350005255484
0.15266666666666667,-0.05269000903406003
0.15275,-0.08513803432503841
0.15283333333333332,-0.04367789439903247
0.15291666666666667,0.005422352892366575
0.153,-0.029224052794819474
0.15308333333333332,-0.021631644592406022
0.15316666666666667,-0.0606720184790325
0.15325,-0.02089573189320749
0.15333333333333332,-0.06190466192960821
0.15341666666666667,-0.0592861952781913
0.1535,0.010902849430140575
0.15358333333333332,-0.008919798285917602
0.15366666666666667,-0.036332098992607614
0.15375,-0.05587655338871439
0.15383333333333332,-0.044565665139754775
0.15391666666666667,-0.05369975668243362
0.154,-0.058868482986709256
0.15408333333333332,-0.01888740952335901
0.15416666666666667,-0.05887416670240382
0.15425,-0.06060965815031507
0.15433333333333332,-0.07372195982023481
0.15441666666666667,-0.04613475297258917
0.1545,-0.04257031767935987
0.15458333333333332,-0.04881247029285806
0.15466666666666667,-0.04636856702378345
0.15475,-0.029298821800672968
0.15483333333333332,-0.11696951218889105
0.15491666666666667,-0.05823824884129701
0.155,-0.05894621160805438
0.15508333333333332,-0.05363688805431539
0.15516666666666667,-0.09240117169182727
0.15525,-0.07463834230427915
0.15533333333333332,-0.09654246500560794
0.15541666666666668,-0.08616916944942085
0.1555,-0.11840994907873537
0.15558333333333332,-0.07676117377713156
0.15566666666666665,-0.1067693528620631
0.15575,-0.13134773111238018
0.15583333333333332,-0.08179948850724264
0.15591666666666665,-0.098351284903744
0.156,-0.12272278313437916
0.15608333333333332,-0.09136969491460628
0.15616666666666665,-0.10598969239298976
0.15625,-0.0659268527114944
0.15633333333333332,-0.12145914789913465
0.15641666666666665,-0.12086169183937073
0.1565,-0.09300941910961649
0.15658333333333332,-0.1491596196078328
0.15666666666666665,-0.12062708303577593
0.15675,-0.09745331528764943
0.15683333333333332,-0.1498566197944313
0.15691666666666665,-0.11535050049262671
0.157,-0.14738786972953258
0.15708333333333332,-0.1494006866225097
0.15716666666666665,-0.10218788382854578
0.15725,-0.13490952446877189
0.15733333333333333,-0.10113472521854133
0.15741666666666665,-0.12710024722083807
0.1575,-0.15196951816866072
0.15758333333333333,-0.17290367466448686
0.15766666666666665,-0.13419267735845603
0.15775,-0.1339839418058914
0.15783333333333333,-0.13970524101874607
0.15791666666666665,-0.14101778912703888
0.158,-0.13050352497605708
0.15808333333333333,-0.16527844113744927
0.15816666666666665,-0.11297486462624581
0.15825,-0.14103187888560803
0.15833333333333333,-0.15090660635608785
0.15841666666666665,-0.1334128256197069
0.1585,-0.16154005734753402
0.15858333333333333,-0.17085551723048256
0.15866666666666665,-0.2031305602710749
0.15875,-0.17661039267366976
0.15883333333333333,-0.16319265590965232
0.15891666666666665,-0.13256882552808075
0.159,-0.15210301203668558
0.15908333333333333,-0.1833423477965495
0.15916666666666665,-0.15358954714934298
0.15925,-0.16038473923316512
0.15933333333333333,-0.15719824004110983
0.15941666666666665,-0.18561867277043353
0.1595,-0.1686238117756167
0.15958333333333333,-0.19578023605994083
0.15966666666666665,-0.1596253295984815
0.15975,-0.14345102683961275
0.15983333333333333,-0.22172039184336806
0.15991666666666665,-0.21055098677308615
0.16,-0.14877919440417747
0.16008333333333333,-0.15606936061959492
0.16016666666666665,-0.132921126033227
0.16025,-0.146652934917027
0.16033333333333333,-0.1717062001575181
0.16041666666666665,-0.1853548319607365
0.1605,-0.15687905739741614
0.16058333333333333,-0.18598176156875387
0.16066666666666665,-0.1774285429124113
0.16075,-0.16187459536929158
0.16083333333333333,-0.20070220485530105
0.16091666666666665,-0.14542717586092122
0.161,-0.18846817918656528
0.16108333333333333,-0.1518172671097503
0.16116666666666665,-0.19526618262502243
0.16125,-0.1786786850566011
0.16133333333333333,-0.16415442966828728
0.16141666666666665,-0.15749028137635007
0.1615,-0.19250721889183808
0.16158333333333333,-0.157872315414643
0.16166666666666665,-0.1351226947262849
0.16175,-0.1624296082561571
0.16183333333333333,-0.13824808108071557
0.16191666666666665,-0.16567828616399255
0.162,-0.1683770920751298
0.16208333333333333,-0.16013482802114767
0.16216666666666665,-0.18867541186537953
0.16225,-0.164170846210508
0.16233333333333333,-0.1842145181062791
0.16241666666666665,-0.13589731709061328
0.1625,-0.18612145401186242
0.16258333333333333,-0.14587030631326667
0.16266666666666665,-0.12570898197941124
0.16275,-0.15455533182820996
0.16283333333333333,-0.16450894808597316
0.16291666666666665,-0.1575745060867092
0.163,-0.1101014978654608
0.16308333333333333,-0.1527798821033668
0.16316666666666665,-0.15344261187299413
0.16325,-0.17063482963979054
0.16333333333333333,-0.1380430579413894
0.16341666666666665,-0.10436677835196573
0.1635,-0.13441033856370393
0.16358333333333333,-0.13569735450780093
0.16366666666666665,-0.10470037780381174
0.16375,-0.12554124983804263
0.16383333333333333,-0.11352606993539052
0.16391666666666665,-0.11750733726831183
0.164,-0.16107997719077818
0.16408333333333333,-0.0976681131796612
0.16416666666666666,-0.11822264310520207
0.16425,-0.13916607287314103
0.16433333333333333,-0.1167697539160702
0.16441666666666666,-0.08887605040313612
0.1645,-0.0978611293259375
0.16458333333333333,-0.07985021231384862
0.16466666666666666,-0.09843527233371095
0.16475,-0.07787163374933292
0.16483333333333333,-0.08316958580487416
0.16491666666666666,-0.07478594732862948
0.165,-0.06850599071445138
0.16508333333333333,-0.08859089184960273
0.16516666666666666,-0.06055331757968464
0.16525,-0.08724129600964765
0.16533333333333333,-0.061177793995245124
0.16541666666666666,-0.07689828535195921
0.1655,-0.05840810615689073
0.16558333333333333,-0.04878861683373423
0.16566666666666666,-0.07445286960556867
0.16574999999999998,-0.031498765337645875
0.16583333333333333,-0.022054659638064494
0.16591666666666666,-0.06444361734924323
0.16599999999999998,-0.0152594007452099
0.16608333333333333,0.020119588721765093
0.16616666666666666,0.0005958016453846277
0.16624999999999998,0.0006301241235825462
0.16633333333333333,0.0031109181044821042
0.16641666666666666,-0.029555398128227196
0.16649999999999998,-0.04827786792372669
0.16658333333333333,0.007604006471598325
0.16666666666666666,-0.009292315068194027
0.16674999999999998,0.012044045109854535
0.16683333333333333,-0.010465336921069403
0.16691666666666666,0.0038416007335062338
0.16699999999999998,0.015327069548911434
0.16708333333333333,0.07587261838168635
0.16716666666666666,0.012210604862621733
0.16724999999999998,0.03333452498882902
0.16733333333333333,0.01567619753566916
0.16741666666666666,0.034139088142591006
0.16749999999999998,0.025871223898507992
0.16758333333333333,0.03991874625419535
0.16766666666666666,0.022204895781256208
0.16774999999999998,0.008954811056690236
0.16783333333333333,0.0913530313303665
0.16791666666666666,0.07088729849741052
0.16799999999999998,0.08425413795529102
0.16808333333333333,0.04799861731188118
0.16816666666666666,0.05680595624328524
0.16824999999999998,0.05005734364904127
0.16833333333333333,0.03301712653988399
0.16841666666666666,0.09342541615993265
0.16849999999999998,0.07636322000521112
0.16858333333333334,0.10087806297197556
0.16866666666666666,0.09064354375188653
0.16874999999999998,0.11197857589293086
0.16883333333333334,0.11565320414546466
0.16891666666666666,0.10657392416830762
0.16899999999999998,0.1415581109980317
0.16908333333333334,0.1096876021808028
0.16916666666666666,0.11578296061573429
0.16924999999999998,0.10771117616559539
0.16933333333333334,0.10131121959854496
0.16941666666666666,0.1328112008368723
0.16949999999999998,0.07229284415092194
0.16958333333333334,0.11248665831639354
0.16966666666666666,0.14215473247715024
0.16974999999999998,0.1404270582840401
0.16983333333333334,0.1115993579185921
0.16991666666666666,0.1328947387568325
0.16999999999999998,0.12737976903663187
0.17008333333333334,0.1397797631408525
0.17016666666666666,0.14579520442193056
0.17024999999999998,0.1486341722218399
0.17033333333333334,0.15070411406031878
0.17041666666666666,0.13691913578434878
0.17049999999999998,0.1562026840330602
0.17058333333333334,0.14008869857309367
0.17066666666666666,0.13092116193567646
0.17074999999999999,0.19589639842038517
0.17083333333333334,0.1658288383359717
0.17091666666666666,0.18734362611832345
0.17099999999999999,0.17879615206055852
0.17108333333333334,0.17099050346077801
0.17116666666666666,0.14468054545528486
0.17124999999999999,0.19517930947146783
0.17133333333333334,0.15429386636134354
0.17141666666666666,0.18853570045664636
0.17149999999999999,0.19893733217908643
0.17158333333333334,0.18074389258877405
0.17166666666666666,0.17199144870744623
0.17174999999999999,0.188802500505416
0.17183333333333334,0.181390759741726
0.17191666666666666,0.15612536502273983
0.172,0.20835268107796562
0.17208333333333334,0.16903084531137813
0.17216666666666666,0.1802431032248852
0.17225,0.17475645407786686
0.17233333333333334,0.15987821481438988
0.17241666666666666,0.18232860092985687
0.1725,0.19150689956287414
0.17258333333333334,0.17403434740192053
0.17266666666666666,0.13322640511173175
0.17275,0.19059848081571076
0.17283333333333334,0.1864614098260696
0.17291666666666666,0.16058537710994872
0.173,0.1948974772320873
0.17308333333333334,0.18718609546531773
0.17316666666666666,0.1837876572886245
0.17325,0.16218415814521955
0.17333333333333334,0.14542000188925244
0.17341666666666666,0.135481045215656
0.1735,0.1660122407623431
0.17358333333333334,0.13006408865579838
0.17366666666666666,0.18049189566241974
0.17375,0.19191932909454124
0.17383333333333334,0.18867849610278262
0.17391666666666666,0.1881647580565245
0.174,0.17945718820370737
0.17408333333333334,0.13709693598108721
0.17416666666666666,0.15058394576800183
0.17425,0.11910818558609326
0.17433333333333334,0.14704177687645106
0.17441666666666666,0.1868240186346222
0.1745,0.14134432108712475
0.17458333333333334,0.14202990217376768
0.17466666666666666,0.13537741291320826
0.17475,0.1698470859096132
0.17483333333333334,0.15223883471057822
0.17491666666666666,0.16986712143190924
0.175,0.17543626802737908
0.17508333333333334,0.14830336844468564
0.17516666666666666,0.1419756182620756
0.17525,0.14954512973062123
0.17533333333333334,0.13780776421973875
0.17541666666666667,0.15517317157656427
0.1755,0.12701544452066604
0.17558333333333334,0.15376855123902874
0.17566666666666667,0.14237126369874378
0.17575,0.10110608159653288
0.1758333333333333,0.12348111486309524
0.17591666666666667,0.1420230457111736
0.176,0.12766264990619097
0.17608333333333331,0.13550134974914563
0.17616666666666667,0.13011740642424136
0.17625,0.07807426064590423
0.17633333333333331,0.13063179613698625
0.17641666666666667,0.10766189341688319
0.1765,0.11511049387530654
0.17658333333333331,0.1489092928057974
0.17666666666666667,0.1288802062640684
0.17675,0.13777532704683443
0.17683333333333331,0.11372633271358973
0.17691666666666667,0.09649199770565325
0.177,0.10149553713158614
0.17708333333333331,0.12402168038885353
0.17716666666666667,0.11846945099886559
0.17725,0.07210270769752586
0.17733333333333332,0.1008366547163349
0.17741666666666667,0.09669629414325699
0.1775,0.09649165116291247
0.17758333333333332,0.07377806140084511
0.17766666666666667,0.05215513270319735
0.17775,0.0963558860408977
0.17783333333333332,0.08772002892900346
0.17791666666666667,0.10493529592877836
0.178,0.11112592747161071
0.17808333333333332,0.04910724211493832
0.17816666666666667,0.038305721695001155
0.17825,0.060695333343425334
0.17833333333333332,0.1238086601875588
0.17841666666666667,0.06917973476094563
0.1785,0.06348721997805007
0.17858333333333332,0.08026212941218888
0.17866666666666667,0.10218093848980861
0.17875,0.0725622507720671
0.17883333333333332,0.02776423529495932
0.17891666666666667,0.04989527408431614
0.179,0.0682072079089037
0.17908333333333332,0.0761443386280388
0.17916666666666667,0.08575343568885974
0.17925,0.04819251546371022
0.17933333333333332,0.06418550839583285
0.17941666666666667,0.05892365812240927
0.1795,0.07787229592995966
0.17958333333333332,0.01387137406773823
0.17966666666666667,0.043214347517584045
0.17975,0.05804750198098119
0.17983333333333332,0.03840649413211439
0.17991666666666667,0.00754749536964603
0.18,0.054394722479418484
0.18008333333333332,0.04757775930616631
0.18016666666666667,0.027334550543820675
0.18025,0.03961901877809778
0.18033333333333332,0.009330628560733849
0.18041666666666667,0.02046274677367508
0.1805,0.010503069944027641
0.18058333333333332,0.023639175336312886
0.18066666666666667,0.013733805691049882
0.18075,0.040204528525806846
0.18083333333333332,0.04295399703698076
0.18091666666666667,0.04010254036009354
0.181,0.026551416146448355
0.18108333333333332,0.015382889746078215
0.18116666666666667,0.05694850039384674
0.18125,0.008771215720243237
0.18133333333333332,0.01086975427163333
0.18141666666666667,0.019434680621475867
0.1815,0.021334858037249983
0.18158333333333332,-0.002652101790336543
0.18166666666666667,-0.010494394100246624
0.18175,0.03480665261935607
0.18183333333333332,0.02556493132129171
0.18191666666666667,0.013727258019505372
0.182,0.03509267017781019
0.18208333333333332,0.024196244143238458
0.18216666666666667,-0.01703698770105816
0.18225,0.010496891328799446
0.18233333333333332,0.004934843657090003
0.18241666666666667,0.012553668361514253
0.1825,0.021125896508237964
0.18258333333333332,0.01971837315732969
0.18266666666666667,0.042152190006143224
0.18275,0.004128117741243967
0.18283333333333332,-0.002096599181622176
0.18291666666666667,-0.015004813397827192
0.183,0.020124521845313152
0.18308333333333332,0.029404991434756868
0.18316666666666667,0.03138537742687346
0.18325,0.025913348436450594
0.18333333333333332,-0.008371984796460659
0.18341666666666667,-0.012606940889396158
0.1835,-0.03087538945811645
0.18358333333333332,-0.0188209065220969
0.18366666666666667,0.007672933513120703
0.18375,-0.015982309868070747
0.18383333333333332,0.021298712580398182
0.18391666666666667,0.025656267979092928
0.184,-0.0038924428808088415
0.18408333333333332,-0.025330785171364063
0.18416666666666667,0.004099616630278417
0.18425,-0.02384861071911059
0.18433333333333332,0.0007974183941606271
0.18441666666666667,0.026193973374029143
0.1845,-0.008580281175548422
0.18458333333333332,-0.05644446146701129
0.18466666666666667,-0.0014557078411822511
0.18475,0.0242904856418981
0.18483333333333332,-0.010811946569061957
0.18491666666666667,-0.036022530979057166
0.185,-0.038146811912241924
0.18508333333333332,-0.01594244147637301
0.18516666666666667,0.006169322102878329
0.18525,-0.028457235914945256
0.18533333333333332,0.010560218107685412
0.18541666666666667,-0.02774101286984207
0.1855,0.008356913183188895
0.18558333333333332,-0.04841066582065846
0.18566666666666667,-0.028671862677011495
0.18575,-0.031554094555017495
0.18583333333333332,-0.020949703004070404
0.18591666666666665,0.01885267030970949
0.186,0.0016611709778707254
0.18608333333333332,-0.037344485204735364
0.18616666666666665,-0.06282694901609474
0.18625,-0.031014049834029795
0.18633333333333332,-0.02453803395672824
0.18641666666666665,-0.012621756134749938
0.1865,-0.059830500130528735
0.18658333333333332,-0.03225974342009113
0.18666666666666665,-0.052263517464314145
0.18675,-0.01993872585259866
0.18683333333333332,-0.030255900552819095
0.18691666666666665,-0.026157518325094577
0.187,-0.036883526493891816
0.18708333333333332,-0.040960683911216135
0.18716666666666665,-0.0351531415785259
0.18725,-0.050538793298077186
0.18733333333333332,-0.04299634901444573
0.18741666666666665,-0.08411977399243528
0.1875,-0.06957897059615437
0.18758333333333332,-0.06219019711379789
0.18766666666666665,-0.060703049277142415
0.18775,-0.06252165785418103
0.18783333333333332,-0.06271944296302043
0.18791666666666665,-0.08118766802210085
0.188,-0.060921457818649605
0.18808333333333332,-0.089494902936774
0.18816666666666665,-0.07896357940685059
0.18825,-0.062452197913807274
0.18833333333333332,-0.05920173637625004
0.18841666666666665,-0.048792729479975164
0.1885,-0.07063685901898062
0.18858333333333333,-0.128256128907846
0.18866666666666665,-0.06777605426378647
0.18875,-0.10477367998563356
0.18883333333333333,-0.10169985469302356
0.18891666666666665,-0.09567054821857712
0.189,-0.12414595122069891
0.18908333333333333,-0.08127521663449952
0.18916666666666665,-0.05362192174415385
0.18925,-0.09413452741548241
0.18933333333333333,-0.11684318220679643
0.18941666666666665,-0.08114365834716566
0.1895,-0.1011104824472417
0.18958333333333333,-0.08768629022954422
0.18966666666666665,-0.12031048732618049
0.18975,-0.11843793624800163
0.18983333333333333,-0.12464280537958991
0.18991666666666665,-0.11916308047334165
0.19,-0.11407613986376473
0.19008333333333333,-0.11791483493136215
0.19016666666666665,-0.09064478016569488
0.19025,-0.09541034191540992
0.19033333333333333,-0.1015756802968266
0.19041666666666665,-0.11441685684604523
0.1905,-0.11607530403135684
0.19058333333333333,-0.10526225731095767
0.19066666666666665,-0.11716542253212421
0.19075,-0.13338363092541136
0.19083333333333333,-0.1309968472643192
0.19091666666666665,-0.13169795357400627
0.191,-0.17543022094983943
0.19108333333333333,-0.14768491864222422
0.19116666666666665,-0.13746607868248464
0.19125,-0.1251862316249595
0.19133333333333333,-0.13305199704118936
0.19141666666666665,-0.19233667738384994
0.1915,-0.1782527975861741
0.19158333333333333,-0.16025375452153967
0.19166666666666665,-0.15200326382876858
0.19175,-0.1917009808686903
0.19183333333333333,-0.1380244534584642
0.19191666666666665,-0.1802820906893247
0.192,-0.1422333785952711
0.19208333333333333,-0.14799517047007543
0.19216666666666665,-0.1452976491550867
0.19225,-0.16202216785015963
0.19233333333333333,-0.15816298020907724
0.19241666666666665,-0.18697076057252474
0.1925,-0.18913750631276868
0.19258333333333333,-0.13991819080847429
0.19266666666666665,-0.16243198278015544
0.19275,-0.1721811598265548
0.19283333333333333,-0.13888323970588745
0.19291666666666665,-0.18130034612502804
0.193,-0.18323653436516166
0.19308333333333333,-0.16494646544709402
0.19316666666666665,-0.16072475141084816
0.19325,-0.13969551662488097
0.19333333333333333,-0.17707069844247209
0.19341666666666665,-0.17298626663316835
0.1935,-0.19186275577517634
0.19358333333333333,-0.1735555492876572
0.19366666666666665,-0.1720959850880125
0.19375,-0.1795789427965849
0.19383333333333333,-0.17903951498704976
0.19391666666666665,-0.15899324543270837
0.194,-0.13774624081926065
0.19408333333333333,-0.18725180038795808
0.19416666666666665,-0.17150035604293584
0.19425,-0.19461129765970614
0.19433333333333333,-0.17972304663803548
0.19441666666666665,-0.13482821894123245
0.1945,-0.13992363797699953
0.19458333333333333,-0.14994014687126284
0.19466666666666665,-0.170858160426251
0.19475,-0.1871538898517276
0.19483333333333333,-0.16755466963167454
0.19491666666666665,-0.16527813082729836
0.195,-0.12764775135363626
0.19508333333333333,-0.17618720525266088
0.19516666666666665,-0.15960594609673562
0.19525,-0.18025873593463404
0.19533333333333333,-0.17591574976924848
0.19541666666666666,-0.19255128912555808
0.1955,-0.15873638830032355
0.19558333333333333,-0.1793742650877993
0.19566666666666666,-0.1668865876012055
0.19575,-0.1406835958519889
0.19583333333333333,-0.17406187548891594
0.19591666666666666,-0.1660379446879489
0.19599999999999998,-0.15911266178231148
0.19608333333333333,-0.16228810375310684
0.19616666666666666,-0.16281751442410458
0.19624999999999998,-0.15359877101661684
0.19633333333333333,-0.18773628498143113
0.19641666666666666,-0.12410426599867071
0.19649999999999998,-0.13722365489280927
0.19658333333333333,-0.12866068596093846
0.19666666666666666,-0.14180585809353585
0.19674999999999998,-0.134203293501468
0.19683333333333333,-0.1278749637163577
0.19691666666666666,-0.13937283932485595
0.19699999999999998,-0.09883395119955321
0.19708333333333333,-0.14267753802808605
0.19716666666666666,-0.1165432471687697
0.19724999999999998,-0.12929975656550996
0.19733333333333333,-0.14551890598938344
0.19741666666666666,-0.11477369083780586
0.19749999999999998,-0.12512087138395386
0.19758333333333333,-0.10260591182783828
0.19766666666666666,-0.14510884235786994
0.19774999999999998,-0.08331281108300069
0.19783333333333333,-0.08224482378113379
0.19791666666666666,-0.10387470810706168
0.19799999999999998,-0.13045198294721227
0.19808333333333333,-0.07498405973126367
0.19816666666666666,-0.06801852032070879
0.19824999999999998,-0.06694089941882773
0.19833333333333333,-0.07583309775253551
0.19841666666666666,-0.09696268669188146
0.19849999999999998,-0.04465324367065657
0.19858333333333333,-0.0712912548820546
0.19866666666666666,-0.05112667694271566
0.19874999999999998,-0.09239680631412342
0.19883333333333333,-0.06355460776803024
0.19891666666666666,-0.053950635822173666
0.19899999999999998,-0.019902672373083963
0.19908333333333333,-0.018186385693281747
0.19916666666666666,-0.03726178656473656
0.19924999999999998,-0.03949020863733852
0.19933333333333333,-0.0476283913786396
0.19941666666666666,-0.03379819185803428
0.19949999999999998,-0.02509315194474087
0.19958333333333333,-0.014092509721479164
0.19966666666666666,-0.01543037983418455
0.19974999999999998,-0.032002914518582455
0.19983333333333334,-0.01745111561654525
0.19991666666666666,0.0127305678743719
0.19999999999999998,-0.012387989448522107
0.20008333333333334,-0.017585964135099837
0.20016666666666666,0.012853839888623791
0.20024999999999998,0.043493841437974426
0.20033333333333334,0.019187078655142988
0.20041666666666666,-0.0047896267559009165
0.20049999999999998,0.06059593254888325
0.20058333333333334,0.019538838065494613
0.20066666666666666,-0.006140329460400849
0.20074999999999998,0.06248243711357492
0.20083333333333334,0.0401054312073961
0.20091666666666666,0.06694781036968672
0.20099999999999998,0.06015051801859337
0.20108333333333334,0.026854504591486382
0.20116666666666666,0.045453801350055376
0.20124999999999998,0.04039650178207112
0.20133333333333334,0.1013125967582345
0.20141666666666666,0.08846615701580056
0.20149999999999998,0.08063043718082485
0.20158333333333334,0.037304140353680744
0.20166666666666666,0.04596860519235321
0.20174999999999998,0.09897218645069945
0.20183333333333334,0.07681696369380513
0.20191666666666666,0.0945048575413667
0.20199999999999999,0.06543674659243877
0.20208333333333334,0.056478991327101734
0.20216666666666666,0.11362921795475575
0.20224999999999999,0.10514003472396105
0.20233333333333334,0.10968114187752313
0.20241666666666666,0.09225135032871984
0.20249999999999999,0.08958005223765296
0.20258333333333334,0.142317424601449
0.20266666666666666,0.13827841531424162
0.20274999999999999,0.10465485105074775
0.20283333333333334,0.10874985719684303
0.20291666666666666,0.10198937066018654
0.20299999999999999,0.1626172944212327
0.20308333333333334,0.09938725783156457
0.20316666666666666,0.13351383819141496
0.20325,0.15536275597868135
0.20333333333333334,0.1200018545855536
0.20341666666666666,0.17093990186251357
0.2035,0.15640022112307123
0.20358333333333334,0.11151062516469036
0.20366666666666666,0.15644773721196495
0.20375,0.15369127394233764
0.20383333333333334,0.14046018514654657
0.20391666666666666,0.16191570086594642
0.204,0.15071234678706044
0.20408333333333334,0.16381410138674862
0.20416666666666666,0.15073114195715465
0.20425,0.16489903567030045
0.20433333333333334,0.1627205807058664
0.20441666666666666,0.12067079438736728
0.2045,0.14583400953536252
0.20458333333333334,0.12396029992961774
0.20466666666666666,0.12846909453466127
0.20475,0.15043209141046002
0.20483333333333334,0.1694638111346278
0.20491666666666666,0.14115628878332945
0.205,0.15298800769802315
0.20508333333333334,0.19625447301017604
0.20516666666666666,0.17437225741099543
0.20525,0.16355008204374383
0.20533333333333334,0.13501696624942386
0.20541666666666666,0.1673533649359109
0.2055,0.15528346715565314
0.20558333333333334,0.21463085749304517
0.20566666666666666,0.13027213536964732
0.20575,0.13421095734150765
0.2058333333333333,0.20994837394886037
0.20591666666666666,0.14809423240063418
0.206,0.17436123280638677
0.2060833333333333,0.14737664390267502
0.20616666666666666,0.16860486297920985
0.20625,0.1887538159195714
0.2063333333333333,0.1525772564945099
0.20641666666666666,0.17028973650991783
0.2065,0.18076500992215871
0.2065833333333333,0.1603123708333832
0.20666666666666667,0.117658805505378
0.20675,0.16901063685372833
0.2068333333333333,0.17135497626934565
0.20691666666666667,0.18539619573190524
0.207,0.2049960407412372
0.2070833333333333,0.13080207745589653
0.20716666666666667,0.1416979860002189
0.20725,0.1508891575775338
0.20733333333333331,0.1590821720836262
0.20741666666666667,0.16278043522800564
0.2075,0.1652990696898925
0.20758333333333331,0.14000637464042148
0.20766666666666667,0.1684296972678449
0.20775,0.14602209543124103
0.20783333333333331,0.18369436495217467
0.20791666666666667,0.12385674174061151
0.208,0.15845578526563261
0.20808333333333331,0.14755600784476963
0.20816666666666667,0.11769835525418204
0.20825,0.1703068460397582
0.20833333333333331,0.17818065168337519
0.20841666666666667,0.15578612311379966
0.2085,0.12887994324307944
0.20858333333333332,0.15241452167931546
0.20866666666666667,0.12694714947948296
0.20875,0.16086463811414436
0.20883333333333332,0.14637623167975175
0.20891666666666667,0.14706427787938933
0.209,0.14006689637235822
0.20908333333333332,0.14275183802313604
0.20916666666666667,0.1364222642604122
0.20925,0.11621825196137664
0.20933333333333332,0.12719430772637008
0.20941666666666667,0.13754929430848495
0.2095,0.12062244577372985
0.20958333333333332,0.1136626140655951
0.20966666666666667,0.11622566453848422
0.20975,0.11304690196901773
0.20983333333333332,0.08029246513590532
0.20991666666666667,0.1307910379358631
0.21,0.09915014176880058
0.21008333333333332,0.1075979310562458
0.21016666666666667,0.07992070330853249
0.21025,0.10950314256917304
0.21033333333333332,0.1071231853058799
0.21041666666666667,0.10059549407368155
0.2105,0.09098011666326039
0.21058333333333332,0.11801566453797974
0.21066666666666667,0.11994755670570728
0.21075,0.11497139667886133
0.21083333333333332,0.11466900758635255
0.21091666666666667,0.0940142821516371
0.211,0.09146142092880677
0.21108333333333332,0.07863271867693229
0.21116666666666667,0.12461483646608698
0.21125,0.09957318743911059
0.21133333333333332,0.07843317352311334
0.21141666666666667,0.10061114208204551
0.2115,0.08003052533553444
0.21158333333333332,0.07020030167145067
0.21166666666666667,0.08382485685304276
0.21175,0.08853769300216655
0.21183333333333332,0.11396628828048325
0.21191666666666667,0.06387401798349486
0.212,0.05948961433024525
0.21208333333333332,0.05397946732777041
0.21216666666666667,0.06809316329051572
0.21225,0.02016913461622266
0.21233333333333332,0.050676582796032335
0.21241666666666667,0.05121745616100065
0.2125,0.051486150590178664
0.21258333333333332,0.08474171536921649
0.21266666666666667,0.07857306576879498
0.21275,0.05270318949126827
0.21283333333333332,0.05642530639818296
0.21291666666666667,0.06879287946757998
0.213,0.03165631394186227
0.21308333333333332,0.04537269261350479
0.21316666666666667,0.06052679818517338
0.21325,0.041390524730289716
0.21333333333333332,0.06378094878129134
0.21341666666666667,0.010627878638652118
0.2135,0.06749482138123791
0.21358333333333332,0.06643695507913544
0.21366666666666667,0.06912851675256441
0.21375,0.058989159900685574
0.21383333333333332,0.01637094983031833
0.21391666666666667,0.029899849195257306
0.214,0.01294969148823413
0.21408333333333332,0.001378622798186735
0.21416666666666667,0.027228149547909863
0.21425,0.05701106006942303
0.21433333333333332,0.03355403815632356
0.21441666666666667,0.011274058418667923
0.2145,0.03624645513245455
0.21458333333333332,0.001145168039522193
0.21466666666666667,-0.0023438340987829223
0.21475,0.03110582799947678
0.21483333333333332,0.04334669066219132
0.21491666666666667,0.04473600566926436
0.215,-0.0013804829084083925
0.21508333333333332,0.027990125015749656
0.21516666666666667,0.014829771644330695
0.21525,0.029200556711024873
0.21533333333333332,0.003772864786101041
0.21541666666666667,0.021059815989176486
0.2155,0.054436932504148064
0.21558333333333332,-0.01755803558763215
0.21566666666666667,-0.0014546320308770466
0.21575,-0.0006038043748885918
0.21583333333333332,0.010815016231919402
0.21591666666666665,0.05776103567206566
0.216,-0.010590382730025799
0.21608333333333332,0.005840701911019679
0.21616666666666665,-0.02418678819641723
0.21625,-0.005985821652690576
0.21633333333333332,-0.005111149007153905
0.21641666666666665,0.03865552302492199
0.2165,-0.007091331565316208
0.21658333333333332,-0.008182000614457563
0.21666666666666665,0.00828308059943035
0.21675,-0.0010791071503067713
0.21683333333333332,-0.020982484035791886
0.21691666666666665,0.0015248290979564703
0.217,0.021022256766450427
0.21708333333333332,-0.01541520394230902
0.21716666666666665,-0.0190455257383899
0.21725,0.015194633047916137
0.21733333333333332,0.005998430711430743
0.21741666666666665,0.024950297664475013
0.2175,-0.038695514232310886
0.21758333333333332,-0.030103993339548763
0.21766666666666665,-0.015617344505531185
0.21775,-0.03545647970649822
0.21783333333333332,0.02770585902337815
0.21791666666666665,-0.010054857469033134
0.218,-0.009877430074045833
0.21808333333333332,-0.031844408414692604
0.21816666666666665,0.01666773677190944
0.21825,-0.006863137805211427
0.21833333333333332,0.007381355549334317
0.21841666666666665,-0.02717667207132412
0.2185,-0.001661022597600495
0.21858333333333332,-0.042689510250716496
0.21866666666666665,-0.02013067201051704
0.21875,-0.02816972980731945
0.21883333333333332,-0.03022112805407548
0.21891666666666665,-0.050106779577793095
0.219,-0.022625856114422315
0.21908333333333332,0.017313828415565613
0.21916666666666665,-0.021821125459779815
0.21925,-0.036403730946344325
0.21933333333333332,-0.017796211261555207
0.21941666666666665,-0.03639119771498397
0.2195,-0.02917968935422309
0.21958333333333332,-0.026539081701328227
0.21966666666666665,-0.023104235431355077
0.21975,-0.05866914064744092
0.21983333333333333,-0.059327486883014424
0.21991666666666665,-0.05305417329759059
0.22,-0.0744032870799419
0.22008333333333333,-0.02697310847721087
0.22016666666666665,-0.03406555120308517
0.22025,-0.042019434802076656
0.22033333333333333,-0.03718940104701561
0.22041666666666665,-0.041913238030856656
0.2205,-0.0758853105454487
0.22058333333333333,-0.041883013737140436
0.22066666666666665,-0.07527778419697105
0.22075,-0.04984286991852215
0.22083333333333333,-0.04236642831848018
0.22091666666666665,-0.08355676267727549
0.221,-0.06856535441203171
0.22108333333333333,-0.07090646794962063
0.22116666666666665,-0.07002933505067623
0.22125,-0.07253691360521858
0.22133333333333333,-0.07472620027802096
0.22141666666666665,-0.08237952111873648
0.2215,-0.07193511062121445
0.22158333333333333,-0.07507315096322362
0.22166666666666665,-0.08890481887254134
0.22175,-0.06455498934933361
0.22183333333333333,-0.06864358546074703
0.22191666666666665,-0.047274576809154215
0.222,-0.0894165481314
0.22208333333333333,-0.10676139905829186
0.22216666666666665,-0.08064930657748359
0.22225,-0.09988078321190791
0.22233333333333333,-0.09065317634130068
0.22241666666666665,-0.12978416469355644
0.2225,-0.09995389565053996
0.22258333333333333,-0.08856467564781474
0.22266666666666665,-0.07722959261594023
0.22275,-0.09450342574537994
0.22283333333333333,-0.1120721707031068
0.22291666666666665,-0.12988452130005076
0.223,-0.10740576139764858
0.22308333333333333,-0.1027243938933187
0.22316666666666665,-0.13371028926714199
0.22325,-0.12479050012122013
0.22333333333333333,-0.1421059039157241
0.22341666666666665,-0.11801934422659317
0.2235,-0.09969393460677134
0.22358333333333333,-0.14537441205742047
0.22366666666666665,-0.1238582361747273
0.22375,-0.12761060541557967
0.22383333333333333,-0.1486077873456518
0.22391666666666665,-0.11859784367303071
0.224,-0.098345986319582
0.22408333333333333,-0.1318641091834648
0.22416666666666665,-0.10968043378059847
0.22425,-0.12553572063408244
0.22433333333333333,-0.12778928382666643
0.22441666666666665,-0.1516047980996243
0.2245,-0.15286163509776057
0.22458333333333333,-0.15668560864539682
0.22466666666666665,-0.1194611237839695
0.22475,-0.14066585910994356
0.22483333333333333,-0.15992180627878355
0.22491666666666665,-0.14131619128722833
0.225,-0.15601887752530105
0.22508333333333333,-0.14532130961285974
0.22516666666666665,-0.14227651429453458
0.22525,-0.12246093159185213
0.22533333333333333,-0.15553205453385321
0.22541666666666665,-0.17046724694043017
0.2255,-0.13328856988264237
0.22558333333333333,-0.12518612847033217
0.22566666666666665,-0.1563054050702336
0.22575,-0.17465996713482576
0.22583333333333333,-0.1545934212987886
0.22591666666666665,-0.14811857953965954
0.22599999999999998,-0.17997031266432273
0.22608333333333333,-0.1372045466404871
0.22616666666666665,-0.13687127032535026
0.22624999999999998,-0.20032154140414238
0.22633333333333333,-0.18202602908327797
0.22641666666666665,-0.16580573451764277
0.22649999999999998,-0.18289211884864853
0.22658333333333333,-0.1772421732510081
0.22666666666666666,-0.18519496876828184
0.22674999999999998,-0.20700722873543204
0.22683333333333333,-0.16984808010735672
0.22691666666666666,-0.1804013730413341
0.22699999999999998,-0.17603678883266022
0.22708333333333333,-0.1855265568811761
0.22716666666666666,-0.1764799863056598
0.22724999999999998,-0.18989068498008974
0.22733333333333333,-0.1669945585227196
0.22741666666666666,-0.17696661955498777
0.22749999999999998,-0.15922313159319623
0.22758333333333333,-0.2003664937842149
0.22766666666666666,-0.1824432320521245
0.22774999999999998,-0.16632716189629315
0.22783333333333333,-0.18504987986702157
0.22791666666666666,-0.21952466118000985
0.22799999999999998,-0.17691424800168667
0.22808333333333333,-0.17047152098793308
0.22816666666666666,-0.15871352007823267
0.22824999999999998,-0.20681055294006725
0.22833333333333333,-0.17567462731849767
0.22841666666666666,-0.2283257194550221
0.22849999999999998,-0.16686485466231138
0.22858333333333333,-0.195598795261853
0.22866666666666666,-0.1630054603502076
0.22874999999999998,-0.17204250267725296
0.22883333333333333,-0.19584014870430858
0.22891666666666666,-0.1395205390997214
0.22899999999999998,-0.16320067208354566
0.22908333333333333,-0.12872748128352082
0.22916666666666666,-0.1707296433723194
0.22924999999999998,-0.1473369910178387
0.22933333333333333,-0.16641035272975663
0.22941666666666666,-0.15403340503506724
0.22949999999999998,-0.14948325691352027
0.22958333333333333,-0.13795570358852172
0.22966666666666666,-0.15199801098227986
0.22974999999999998,-0.14961955055710194
0.22983333333333333,-0.1444912413841024
0.22991666666666666,-0.1213133899484878
0.22999999999999998,-0.11925715406548754
0.23008333333333333,-0.15965764557399403
0.23016666666666666,-0.10434557405538218
0.23024999999999998,-0.11461711547714598
0.23033333333333333,-0.11485437284836995
0.23041666666666666,-0.11815359425933919
0.23049999999999998,-0.13282043380653127
0.23058333333333333,-0.10229369986219349
0.23066666666666666,-0.09838598740437453
0.23074999999999998,-0.14656334837725607
0.23083333333333333,-0.10710833276142309
0.23091666666666666,-0.07291600901983958
0.23099999999999998,-0.07966721850294874
0.23108333333333334,-0.10996532607044696
0.23116666666666666,-0.1156207264551845
0.23124999999999998,-0.10985766615195969
0.23133333333333334,-0.09037774692234085
0.23141666666666666,-0.0777548527524151
0.23149999999999998,-0.09337693869954566
0.23158333333333334,-0.11449986873448523
0.23166666666666666,-0.08968594962414814
0.23174999999999998,-0.07717104264952157
0.23183333333333334,-0.03550259684553686
0.23191666666666666,-0.071012351203013
0.23199999999999998,-0.09138223648446804
0.23208333333333334,-0.08968362329449506
0.23216666666666666,-0.06820934897482035
0.23224999999999998,-0.03655802952220355
0.23233333333333334,-0.08109678886800828
0.23241666666666666,-0.050372385629355074
0.23249999999999998,0.011115503404320132
0.23258333333333334,-0.029131902274436485
0.23266666666666666,0.0017576559931960015
0.23274999999999998,-0.017543230090626985
0.23283333333333334,-0.0038360641731029557
0.23291666666666666,-0.03365811402398379
0.23299999999999998,-0.037088315118261335
0.23308333333333334,-0.023767704529100972
0.23316666666666666,-0.0037557012789961796
0.23324999999999999,-0.019491340517923166
0.23333333333333334,0.012142397908809936
0.23341666666666666,0.038707365353833324
0.23349999999999999,-0.01922798330930447
0.23358333333333334,0.011971625054532751
0.23366666666666666,0.013838632739636255
0.23374999999999999,-0.02141368916852439
0.23383333333333334,0.029211523805509933
0.23391666666666666,0.05473771188396868
0.23399999999999999,0.03499941458327442
0.23408333333333334,0.00396373434624114
0.23416666666666666,0.04188510387581663
0.23424999999999999,0.049074752331182546
0.23433333333333334,0.04419624478220162
0.23441666666666666,0.0408561953851419
0.2345,0.05305622166970729
0.23458333333333334,0.053545631813375405
0.23466666666666666,0.03601531602722255
0.23475,0.04417785875637599
0.23483333333333334,0.06873660094922407
0.23491666666666666,0.0811030156025713
0.235,0.09110257989897315
0.23508333333333334,0.08783339672788017
0.23516666666666666,0.04930723422241417
0.23525,0.10521592764287842
0.23533333333333334,0.0757049441761398
0.23541666666666666,0.12171507056547212
0.2355,0.09890422211434874
0.23558333333333334,0.10150964871634935
0.23566666666666666,0.13089745436899808
0.23575,0.11278085614543872
0.23583333333333334,0.08468292421109982
0.23591666666666666,0.09996564758507837
0.236,0.11211853203043382
0.2360833333333333,0.10730620373077367
0.23616666666666666,0.14166426310168734
0.23625,0.10480754450304758
0.2363333333333333,0.14436583814785997
0.23641666666666666,0.09849223578390079
0.2365,0.06712883131798747
0.2365833333333333,0.12997878976370095
0.23666666666666666,0.12980119294758152
0.23675,0.13428624139497813
0.2368333333333333,0.09559074530097642
0.23691666666666666,0.1495904432308831
0.237,0.1555327198571815
0.2370833333333333,0.1319710191754214
0.23716666666666666,0.11884322626842798
0.23725,0.1791171579886855
0.2373333333333333,0.1575378169833587
0.23741666666666666,0.15685407037132967
0.2375,0.17975925897032657
0.2375833333333333,0.14332360657957943
0.23766666666666666,0.172902785079866
0.23775,0.17382427969307904
0.2378333333333333,0.1778647790894097
0.23791666666666667,0.20257915581458116
0.238,0.15999451088135794
0.2380833333333333,0.1583588663513412
0.23816666666666667,0.15539835072276914
0.23825,0.1466701997269842
0.2383333333333333,0.16198914982702337
0.23841666666666667,0.1982512236903961
0.2385,0.16721504509756388
0.23858333333333331,0.1621160443907822
0.23866666666666667,0.17586192479697374
0.23875,0.19230780292612148
0.23883333333333331,0.13517690280037536
0.23891666666666667,0.16452967013385736
0.239,0.16202221690675744
0.23908333333333331,0.181627962743099
0.23916666666666667,0.15056585423184288
0.23925,0.19624187307836627
0.23933333333333331,0.14859580789874682
0.23941666666666667,0.19663937541057808
0.2395,0.18115785326853653
0.23958333333333331,0.2043452474332875
0.23966666666666667,0.22948586457844827
0.23975,0.16682126726397709
0.23983333333333332,0.1625372282743407
0.23991666666666667,0.18569724898040477
0.24,0.19407599832034245
0.24008333333333332,0.1918518394707693
0.24016666666666667,0.14078336739043604
0.24025,0.1463906765173829
0.24033333333333332,0.1716190281519258
0.24041666666666667,0.14907517318784003
0.2405,0.15830439146876565
0.24058333333333332,0.19653991876417998
0.24066666666666667,0.19409717935411638
0.24075,0.1703328752970082
0.24083333333333332,0.14594340217518081
0.24091666666666667,0.16889931458929838
0.241,0.1501186700158853
0.24108333333333332,0.1735159354790287
0.24116666666666667,0.15344156951279128
0.24125,0.16891695106509982
0.24133333333333332,0.16493923161236176
0.24141666666666667,0.12883353148310062
0.2415,0.18537071144207826
0.24158333333333332,0.12626996390748402
0.24166666666666667,0.14170120649710125
0.24175,0.17434724183480166
0.24183333333333332,0.157071588352028
0.24191666666666667,0.14579692339481182
0.242,0.13860838309289641
0.24208333333333332,0.1532284190421872
0.24216666666666667,0.1866849822946891
0.24225,0.10748331929403449
0.24233333333333332,0.13329091387134268
0.24241666666666667,0.1374724616984152
0.2425,0.13440988652091024
0.24258333333333332,0.13143576201527726
0.24266666666666667,0.11428489594547549
0.24275,0.10497409768689465
0.24283333333333332,0.13125852458682427
0.24291666666666667,0.12028404865342335
0.243,0.1136365412562583
0.24308333333333332,0.11149627784012313
0.24316666666666667,0.066659877047616
0.24325,0.1225677640231958
0.24333333333333332,0.10658536337975988
0.24341666666666667,0.09870269872620999
0.2435,0.10620634187314353
0.24358333333333332,0.07165597284131317
0.24366666666666667,0.11742693236089212
0.24375,0.07317158007701859
0.24383333333333332,0.1114986279908941
0.24391666666666667,0.13613884560465678
0.244,0.11270202309212662
0.24408333333333332,0.0849539633156678
0.24416666666666667,0.08233545917018495
0.24425,0.13690485103543582
0.24433333333333332,0.08503586953937965
0.24441666666666667,0.11189011550068756
0.2445,0.10467394682053618
0.24458333333333332,0.09947644774739778
0.24466666666666667,0.04540126043707539
0.24475,0.0846931526322919
0.24483333333333332,0.06695112228621128
0.24491666666666667,0.09751202909236734
0.245,0.04980301471234947
0.24508333333333332,0.12244370485006759
0.24516666666666667,0.09308845237128871
0.24525,0.069453843923943
0.24533333333333332,0.08309219857966077
0.24541666666666667,0.049560746024327654
0.2455,0.1324936312271357
0.24558333333333332,0.03499356106685232
0.24566666666666667,0.06309229113935427
0.24575,0.010006614773350728
0.24583333333333332,0.05063747750602208
0.24591666666666667,0.06618408316691923
0.246,0.052788949938774206
0.24608333333333332,0.05637640562624043
0.24616666666666664,0.035220892954513715
0.24625,0.0780434133573802
0.24633333333333332,0.02893066813763586
0.24641666666666664,0.030646203535606903
0.2465,0.03265242375934156
0.24658333333333332,0.02689122199081468
0.24666666666666665,0.03368563818187062
0.24675,0.034031281804439886
0.24683333333333332,0.03199392992170893
0.24691666666666665,0.062455572978411186
0.247,0.007428247080474321
0.24708333333333332,0.03996760486249551
0.24716666666666665,-0.006070146331484769
0.24725,0.0006673661351065466
0.24733333333333332,0.0688789575706898
0.24741666666666665,0.038769112050894686
0.2475,0.04959696328343826
0.24758333333333332,0.04948608399454872
0.24766666666666665,0.050016097232580506
0.24775,0.02274861135344161
0.24783333333333332,-0.017308252605839708
0.24791666666666665,0.049040032772331044
0.248,0.013443735721060873
0.24808333333333332,0.005343169371170124
0.24816666666666665,0.028533716236684013
0.24825,0.03321430996047619
0.24833333333333332,-0.003459066572719445
0.24841666666666665,0.0019267175473333103
0.2485,0.0059984792511408366
0.24858333333333332,0.013770087573792828
0.24866666666666665,0.02183701249348407
0.24875,0.006112613016419492
0.24883333333333332,-0.041122558657866334
0.24891666666666665,0.023152806052298913
0.249,-0.0019081763668152493
0.24908333333333332,0.015047560872205823
0.24916666666666665,-0.00107475804738358
0.24925,0.002099411872308201
0.24933333333333332,-0.04535878208555488
0.24941666666666665,-0.00812624865001857
0.2495,-0.006798381465029793
0.24958333333333332,-0.03775520424499848
0.24966666666666665,-0.01882643017414189
0.24975,0.013477254978207105
0.24983333333333332,-0.017083137212777225
0.24991666666666665,-0.008061049522082699
0.25,-0.011611363716980743
0.2500833333333333,-0.0006375348655398201
0.25016666666666665,-0.006166029645270152
0.25025,-0.014201124840806139
0.25033333333333335,-0.04237115269674694
0.2504166666666667,0.034691686903672726
0.2505,-0.04517580001756165
0.2505833333333333,0.01264306796617927
0.25066666666666665,-0.03791584449213167
0.25075,-0.04926321054923852
0.25083333333333335,0.011919191087967202
0.2509166666666667,0.012745661503346235
0.251,-0.01901779934810827
0.2510833333333333,0.0060942378189099596
0.25116666666666665,-0.021093464590003615
0.25125,-0.02947343266169709
0.2513333333333333,-0.011942406545438163
0.2514166666666667,-0.003865584003111955
0.2515,-0.015007509692877305
0.2515833333333333,0.01903989649078133
0.25166666666666665,-0.05669231044064375
0.25175,-0.03297274213105533
0.2518333333333333,0.008298192534464958
0.2519166666666667,0.01401050983805184
0.252,-0.035518119070175234
0.2520833333333333,-0.014772511918880779
0.25216666666666665,-0.0016861740866529334
0.25225,-0.015430519864236289
0.2523333333333333,-0.036874545135964304
0.2524166666666667,-0.0371458073476502
0.2525,-0.01397121136022759
0.2525833333333333,-0.03373735493909856
0.25266666666666665,-0.03140785715153425
0.25275,-0.05680575234756367
0.2528333333333333,-0.04963781895421374
0.2529166666666667,-0.023183824808767677
0.253,-0.07004891106649032
0.2530833333333333,-0.07315795611855258
0.25316666666666665,-0.04343074940513281
0.25325,-0.01639623711109462
0.2533333333333333,-0.06536534724263324
0.2534166666666667,-0.03568053673595077
0.2535,-0.0722327434000876
0.2535833333333333,-0.06964786388815522
0.25366666666666665,-0.08014319701196107
0.25375,-0.03933822489151893
0.2538333333333333,-0.021239557344722226
0.2539166666666667,-0.038463742649690366
0.254,-0.08679121307072982
0.2540833333333333,-0.05821773383486575
0.25416666666666665,-0.055304950616330235
0.25425,-0.04028795548238978
0.2543333333333333,-0.04517270716443399
0.2544166666666667,-0.06560375880183798
0.2545,-0.04278238199407665
0.25458333333333333,-0.03690764886943323
0.25466666666666665,-0.06956378296969391
0.25475,-0.0437436913209413
0.2548333333333333,-0.09036839162946564
0.2549166666666667,-0.053005384632466186
0.255,-0.05381717578615591
0.25508333333333333,-0.05234620919467729
0.25516666666666665,-0.10123375523681818
0.25525,-0.09423047550428852
0.2553333333333333,-0.10454849724969564
0.2554166666666667,-0.0954454982230658
0.2555,-0.10170743604849496
0.25558333333333333,-0.11237093504701427
0.25566666666666665,-0.08611873586403328
0.25575,-0.09254749926728287
0.2558333333333333,-0.10038754141938931
0.2559166666666667,-0.09743690951508548
0.256,-0.07613806507256182
0.25608333333333333,-0.09943167161971764
0.25616666666666665,-0.08920727554740417
0.25625,-0.12196418670012907
0.2563333333333333,-0.12357071473753231
0.2564166666666667,-0.09747272741697618
0.2565,-0.12363032448666417
0.25658333333333333,-0.11536791514165591
0.25666666666666665,-0.11809845349269947
0.25675,-0.10646233258386611
0.2568333333333333,-0.16561510982464825
0.2569166666666667,-0.17141253046837304
0.257,-0.16022425836845525
0.25708333333333333,-0.08229537613136248
0.25716666666666665,-0.12081630845084254
0.25725,-0.12062481758890962
0.2573333333333333,-0.14686713042424535
0.2574166666666667,-0.16206449120047312
0.2575,-0.16275680620589045
0.25758333333333333,-0.13887369468032987
0.25766666666666665,-0.1308000081523213
0.25775,-0.16784808769287374
0.2578333333333333,-0.1212335518123882
0.2579166666666667,-0.16631477127779834
0.258,-0.10299507082598286
0.25808333333333333,-0.1581850189346748
0.25816666666666666,-0.1813120152120491
0.25825,-0.15692998532295852
0.2583333333333333,-0.15670991554165875
0.2584166666666667,-0.15410128957891572
0.2585,-0.14042451919784696
0.25858333333333333,-0.18286018992936914
0.25866666666666666,-0.14642524774333548
0.25875,-0.20448686157813906
0.2588333333333333,-0.16950410077906217
0.2589166666666667,-0.16111277089789905
0.259,-0.1677049067839842
0.25908333333333333,-0.1029014480121751
0.25916666666666666,-0.15753777654174267
0.25925,-0.1724235242609347
0.2593333333333333,-0.14539367691503363
0.2594166666666667,-0.18254109572114552
0.2595,-0.1625534540652806
0.25958333333333333,-0.18892013663454177
0.25966666666666666,-0.20356769050571336
0.25975,-0.16342315081858783
0.2598333333333333,-0.17270761404330248
0.2599166666666667,-0.1699672365837483
0.26,-0.17633933989161849
0.26008333333333333,-0.14588308145098278
0.26016666666666666,-0.1745395554164974
0.26025,-0.16305780835703626
0.2603333333333333,-0.17257847703811785
0.2604166666666667,-0.17021950591741605
0.2605,-0.15246155083949692
0.26058333333333333,-0.17971382872071226
0.26066666666666666,-0.17811591338154886
0.26075,-0.17102548930932668
0.2608333333333333,-0.16742174065000018
0.2609166666666667,-0.1483074567179785
0.261,-0.17160534821734275
0.26108333333333333,-0.15788458369045924
0.26116666666666666,-0.145813702951192
0.26125,-0.1536614888797343
0.2613333333333333,-0.16239199160624954
0.26141666666666663,-0.15938966565279036
0.2615,-0.155717859952313
0.26158333333333333,-0.1784075109394995
0.26166666666666666,-0.1676943281784613
0.26175,-0.14862910520679673
0.2618333333333333,-0.16824853420038807
0.26191666666666663,-0.18970335576065367
0.262,-0.16355488054965298
0.26208333333333333,-0.14913320922774378
0.26216666666666666,-0.17300804878154827
0.26225,-0.1749703361606545
0.2623333333333333,-0.15801859382605
0.26241666666666663,-0.1282538547585742
0.2625,-0.14469306673290383
0.26258333333333334,-0.11173683227739746
0.26266666666666666,-0.15937293076881498
0.26275,-0.13387235001727985
0.2628333333333333,-0.15971471976805662
0.26291666666666663,-0.143616424658141
0.263,-0.15493633177657462
0.26308333333333334,-0.14553708346842933
0.26316666666666666,-0.1271382369165263
0.26325,-0.1403342375118999
0.2633333333333333,-0.10675429290108297
0.26341666666666663,-0.11029273380615083
0.2635,-0.14040536402187956
0.26358333333333334,-0.14867820223469544
0.26366666666666666,-0.07896288733739712
0.26375,-0.13583852959065817
0.2638333333333333,-0.11962827554446427
0.26391666666666663,-0.15073283005268565
0.264,-0.11961380777424489
0.26408333333333334,-0.11841778450812494
0.26416666666666666,-0.09237068288472718
0.26425,-0.134410868409638
0.2643333333333333,-0.12407833585588547
0.26441666666666663,-0.12623934177715004
0.2645,-0.097732813023629
0.26458333333333334,-0.07752727528542756
0.26466666666666666,-0.06337237964786895
0.26475,-0.07039620420580742
0.2648333333333333,-0.13659221955710404
0.26491666666666663,-0.0688865067821402
0.265,-0.0937436338675859
0.26508333333333334,-0.08475005342665859
0.26516666666666666,-0.021658597795793114
0.26525,-0.08414445780418894
0.2653333333333333,-0.046736643413129456
0.26541666666666663,-0.0508887934151793
0.2655,-0.07356055910471503
0.26558333333333334,-0.04504676471622207
0.26566666666666666,-0.03660440885967661
0.26575,-0.026016556971363083
0.2658333333333333,-0.06168616716450233
0.26591666666666663,0.004946384214727949
0.266,-0.016915491441163454
0.26608333333333334,-0.030153499347050316
0.26616666666666666,0.0001235471667695512
0.26625,-0.04261750743005549
0.2663333333333333,0.029079904226479814
0.26641666666666663,0.0075202995156798715
0.2665,-0.009004537403121952
0.26658333333333334,-0.03779075185302659
0.26666666666666666,-0.03666439976676154
0.26675,0.007591173851901015
0.2668333333333333,-0.007293303384671939
0.26691666666666664,0.001788730831955172
0.267,0.04140959078924897
0.26708333333333334,0.04196292805856575
0.26716666666666666,0.00330798705740442
0.26725,0.03760406736103082
0.2673333333333333,0.03292181510729163
0.26741666666666664,0.054922930821144265
0.2675,-0.013236928819936648
0.26758333333333334,0.044821118140822305
0.26766666666666666,0.03187677694230222
0.26775,0.05253146056688776
0.2678333333333333,0.05274093902146984
0.26791666666666664,0.04394122856364412
0.268,0.0692197264162988
0.26808333333333334,0.07354879851535753
0.26816666666666666,0.08750323922062933
0.26825,0.06808212039987337
0.2683333333333333,0.06888304856669834
0.26841666666666664,0.051065818377943814
0.2685,0.08800901313298987
0.26858333333333334,0.1049460289818826
0.26866666666666666,0.08012650489438052
0.26875,0.08355399122424756
0.2688333333333333,0.08545786827269661
0.26891666666666664,0.11136051556720837
0.269,0.09571329098336147
0.26908333333333334,0.08867792369881106
0.26916666666666667,0.09549759965272803
0.26925,0.10862991230093098
0.2693333333333333,0.11656021908648406
0.26941666666666664,0.12946730422944377
0.2695,0.09581217051079534
0.26958333333333334,0.11419435986220822
0.26966666666666667,0.1482209155691244
0.26975,0.14852571191027739
0.2698333333333333,0.11379153281315979
0.26991666666666664,0.1772707407243845
0.27,0.1396930696877313
0.27008333333333334,0.1616104011014261
0.27016666666666667,0.12912143977068002
0.27025,0.1404337256774684
0.2703333333333333,0.14070974338420367
0.27041666666666664,0.1542502840543491
0.2705,0.11931146683693286
0.27058333333333334,0.1664572574449987
0.27066666666666667,0.15173659843671072
0.27075,0.15246417580287372
0.2708333333333333,0.1654007914700634
0.27091666666666664,0.11791857062414675
0.271,0.14680790423744267
0.27108333333333334,0.12764372349001446
0.27116666666666667,0.13991525814976605
0.27125,0.17670437697572608
0.2713333333333333,0.1715241408013758
0.27141666666666664,0.13746258934653463
0.27149999999999996,0.13696719735086077
0.27158333333333334,0.1810244858630656
0.27166666666666667,0.18331425977568042
0.27175,0.16833676383092488
0.2718333333333333,0.18986781431566507
0.27191666666666664,0.1853537087621171
0.27199999999999996,0.14903427698169028
0.27208333333333334,0.16993336358653377
0.27216666666666667,0.21716799951725418
0.27225,0.16717076547078416
0.2723333333333333,0.15539235127933013
0.27241666666666664,0.16705562202661878
0.27249999999999996,0.14640593904532384
0.27258333333333334,0.18850189567676015
0.27266666666666667,0.15578085133685243
0.27275,0.13116128690839196
0.2728333333333333,0.18521846373948633
0.27291666666666664,0.15980698836261037
0.27299999999999996,0.18607133588813726
0.27308333333333334,0.17872012945314583
0.27316666666666667,0.17415224562970327
0.27325,0.16501847312367182
0.2733333333333333,0.17357953666672812
0.27341666666666664,0.14438180979086357
0.27349999999999997,0.18250569261300348
0.27358333333333335,0.1641233530843432
0.27366666666666667,0.18204072556962897
0.27375,0.15048030948640084
0.2738333333333333,0.15057569406217342
0.27391666666666664,0.20010056118222536
0.27399999999999997,0.142150230375601
0.27408333333333335,0.18014696198316524
0.27416666666666667,0.15573182134282187
0.27425,0.10989582923704619
0.2743333333333333,0.12083380975778024
0.27441666666666664,0.17374640479715842
0.27449999999999997,0.1763235210683104
0.27458333333333335,0.10226413395630775
0.27466666666666667,0.1292144588048128
0.27475,0.19225791874153822
0.2748333333333333,0.19486796352940217
0.27491666666666664,0.13857747587043068
0.27499999999999997,0.14505680667297383
0.27508333333333335,0.1737992245352216
0.27516666666666667,0.17960020169315297
0.27525,0.18536289824087687
0.2753333333333333,0.12629791556880005
0.27541666666666664,0.10189150543258652
0.27549999999999997,0.1462737018567565
0.27558333333333335,0.10145865308562943
0.27566666666666667,0.18494379105231384
0.27575,0.12679416689575487
0.2758333333333333,0.13379914494839987
0.27591666666666664,0.12174838839140775
0.27599999999999997,0.12455271363518017
0.27608333333333335,0.12684624286839724
0.27616666666666667,0.09627749915487668
0.27625,0.1525572247539636
0.2763333333333333,0.10035473861355633
0.27641666666666664,0.09444986972701658
0.27649999999999997,0.11944083573878522
0.27658333333333335,0.12767308708036548
0.27666666666666667,0.1284934351698631
0.27675,0.12955369486844873
0.2768333333333333,0.11063869519599587
0.27691666666666664,0.13129687763564293
0.27699999999999997,0.13337326257267001
0.27708333333333335,0.10002244046418154
0.2771666666666667,0.12975833011596438
0.27725,0.10718037140335243
0.2773333333333333,0.10943232734533219
0.27741666666666664,0.08904098386986754
0.27749999999999997,0.09749291974657168
0.27758333333333335,0.10250157044088076
0.2776666666666667,0.046575582531023264
0.27775,0.09981680583981344
0.2778333333333333,0.10662867384146468
0.27791666666666665,0.06570048658374883
0.27799999999999997,0.10223488670041461
0.27808333333333335,0.05552529482938462
0.2781666666666667,0.06770262725679232
0.27825,0.05647737708684865
0.2783333333333333,0.08374482791989998
0.27841666666666665,0.05971137286986121
0.27849999999999997,0.0781639919784342
0.27858333333333335,0.06513647880342548
0.2786666666666667,0.07493932667482636
0.27875,0.0753946556535641
0.2788333333333333,0.06305222348128835
0.27891666666666665,0.09036711492453553
0.27899999999999997,0.06925042901974109
0.27908333333333335,0.06440630682218319
0.2791666666666667,0.052099035701238666
0.27925,0.04916573409501396
0.2793333333333333,0.05352762670470818
0.27941666666666665,0.05282557843669562
0.27949999999999997,0.0557757092817702
0.27958333333333335,0.046212167127768475
0.2796666666666667,0.06848918986569608
0.27975,0.08660303388615787
0.2798333333333333,0.05677240095452253
0.27991666666666665,0.0026852706513623426
0.27999999999999997,0.04668965339822201
0.28008333333333335,0.025950555304966958
0.2801666666666667,0.04683908397160017
0.28025,0.018418184335042595
0.2803333333333333,0.029513782071470835
0.28041666666666665,0.028380479734033733
0.28049999999999997,0.06608346045141572
0.28058333333333335,0.04214414682304002
0.2806666666666667,0.041483266971837074
0.28075,0.03856535263387567
0.2808333333333333,0.021882199236610653
0.28091666666666665,0.030195635196534152
0.28099999999999997,0.023048389258776638
0.28108333333333335,0.04048183455749197
0.2811666666666667,0.03019416314479146
0.28125,0.017276147335064346
0.2813333333333333,0.051108446369899196
0.28141666666666665,0.034822414420423456
0.2815,0.02294115219250966
0.2815833333333333,0.021784689367127553
0.2816666666666667,0.008646292880506843
0.28175,-0.010654969188129176
0.2818333333333333,0.03308188323864905
0.28191666666666665,0.010995435980462114
0.282,0.052748253214446456
0.2820833333333333,0.02985944327244495
0.2821666666666667,0.0024498014818909574
0.28225,0.0008274963012313025
0.2823333333333333,-0.011194604866449877
0.28241666666666665,0.017631659768007648
0.2825,0.014409075777810622
0.2825833333333333,0.04392502407813889
0.2826666666666667,0.01604405460131715
0.28275,-0.027266521072127996
0.2828333333333333,-0.03609843032590849
0.28291666666666665,0.015857203423611264
0.283,0.000569681283469761
0.2830833333333333,-0.0025038751193583175
0.2831666666666667,0.016145986245321986
0.28325,-0.026866648934717376
0.2833333333333333,0.013821716189348895
0.28341666666666665,0.014735496148316526
0.2835,-0.028354360607221872
0.2835833333333333,-0.017589877608135733
0.2836666666666667,0.006834255838631762
0.28375,-0.01628920328900725
0.2838333333333333,-0.003980566914424797
0.28391666666666665,-0.027675640269539805
0.284,0.01247689270739644
0.2840833333333333,-0.02687169674965889
0.2841666666666667,-0.017900335820732076
0.28425,-0.014130672711904189
0.2843333333333333,0.0019140162478909258
0.28441666666666665,-0.03768391482973779
0.2845,-0.04628545259629169
0.2845833333333333,-0.028952513469908094
0.2846666666666667,-0.04350496656406665
0.28475,-0.005498183232717351
0.2848333333333333,0.024413227058198348
0.28491666666666665,-0.03434741151910378
0.285,-0.00837986859546955
0.2850833333333333,-0.009181376169201486
0.2851666666666667,-0.04461807348729348
0.28525,-0.012103240918512828
0.2853333333333333,0.005758943438359459
0.28541666666666665,-0.03232026192098066
0.2855,-0.014406222787788666
0.2855833333333333,-0.04358764053001588
0.2856666666666667,-0.04392451737837254
0.28575,-0.03826696775073396
0.28583333333333333,-0.04228249667745072
0.28591666666666665,-0.03526160930961902
0.286,-0.03242794454040156
0.2860833333333333,-0.05894459514804836
0.2861666666666667,-0.00742392858174892
0.28625,-0.048469300506985905
0.28633333333333333,-0.05143318970224348
0.28641666666666665,-0.06052833247526878
0.2865,-0.030535852265059425
0.2865833333333333,-0.04350630222552058
0.2866666666666667,-0.04228646111064282
0.28675,-0.057148470447015876
0.28683333333333333,-0.06393467824537709
0.28691666666666665,-0.08913234619616725
0.287,0.005276621077906635
0.2870833333333333,-0.07372449707427478
0.2871666666666667,-0.08041682571331026
0.28725,-0.03273248423419742
0.28733333333333333,-0.047744719680777446
0.28741666666666665,-0.020147399593048947
0.2875,-0.06406583155194057
0.2875833333333333,-0.08078740330922905
0.2876666666666667,-0.08528568625123159
0.28775,-0.1196480489626619
0.28783333333333333,-0.0945243289010475
0.28791666666666665,-0.07722476032293794
0.288,-0.05882839154644527
0.2880833333333333,-0.07094333650689802
0.2881666666666667,-0.07441725280978218
0.28825,-0.060679389351007945
0.28833333333333333,-0.06068016079522771
0.28841666666666665,-0.08234705913389935
0.2885,-0.0697930970449652
0.2885833333333333,-0.07587316542536945
0.2886666666666667,-0.055349906395211104
0.28875,-0.121897732020289
0.28883333333333333,-0.08737716445927717
0.28891666666666665,-0.056026642201992854
0.289,-0.0719326435941477
0.2890833333333333,-0.10099847389655743
0.2891666666666667,-0.05113481133897704
0.28925,-0.0711541254855863
0.28933333333333333,-0.11117782621320745
0.28941666666666666,-0.10841046325387231
0.2895,-0.08207275254040444
0.2895833333333333,-0.08952432452573972
0.2896666666666667,-0.10351140653248349
0.28975,-0.10666699192116548
0.28983333333333333,-0.10913990319225118
0.28991666666666666,-0.11212160871573064
0.29,-0.09141803018222441
0.2900833333333333,-0.12550290404781014
0.2901666666666667,-0.1082015606015639
0.29025,-0.12879498295875988
0.29033333333333333,-0.1083928782063825
0.29041666666666666,-0.09684170344164547
0.2905,-0.10688587433371839
0.2905833333333333,-0.1200762072525379
0.2906666666666667,-0.11657119949299978
0.29075,-0.09713263741268002
0.29083333333333333,-0.1436828857075239
0.29091666666666666,-0.14751124619550895
0.291,-0.11758702927037386
0.2910833333333333,-0.15890337140196156
0.29116666666666663,-0.12219548548123585
0.29125,-0.12918061846543386
0.29133333333333333,-0.1330958731797549
0.29141666666666666,-0.15071970088365577
0.2915,-0.1581816211633342
0.2915833333333333,-0.14017182539724915
0.29166666666666663,-0.17276391970389626
0.29175,-0.15936124464814722
0.29183333333333333,-0.1490399182991583
0.29191666666666666,-0.13406713858839475
0.292,-0.17473653575921055
0.2920833333333333,-0.13091446187956343
0.29216666666666663,-0.13995434314405414
0.29225,-0.13104547067101385
0.29233333333333333,-0.15607601035749694
0.29241666666666666,-0.1751719746855037
0.2925,-0.1542886825593955
0.2925833333333333,-0.16425412631635264
0.29266666666666663,-0.17291066556461682
0.29275,-0.18021874705438398
0.29283333333333333,-0.15401909173578704
0.29291666666666666,-0.19255287388336997
0.293,-0.15089002107643543
0.2930833333333333,-0.15390790413334818
0.29316666666666663,-0.17265175080135017
0.29325,-0.2162052640878464
0.29333333333333333,-0.18605176060902642
0.29341666666666666,-0.182632969412944
0.2935,-0.13418419831037867
0.2935833333333333,-0.1791686106731341
0.29366666666666663,-0.16245813275006643
0.29375,-0.19366703833012378
0.29383333333333334,-0.165972430892282
0.29391666666666666,-0.15042085902979405
0.294,-0.15882328514462823
0.2940833333333333,-0.1737693176392793
0.29416666666666663,-0.18222448317756648
0.29425,-0.16394144858188364
0.29433333333333334,-0.19382105004770894
0.29441666666666666,-0.1678306258366805
0.2945,-0.21545629585160875
0.2945833333333333,-0.17322418892492036
0.29466666666666663,-0.175751231931211
0.29475,-0.16853875144708189
0.29483333333333334,-0.17607527528057487
0.29491666666666666,-0.15307093392739535
0.295,-0.1239978147579494
0.2950833333333333,-0.19899264816005577
0.29516666666666663,-0.1559531550119186
0.29525,-0.15293416334323134
0.29533333333333334,-0.20374030617887415
0.29541666666666666,-0.1829475731060827
0.2955,-0.17717254542802735
0.2955833333333333,-0.1488391748142436
0.29566666666666663,-0.17454306146451637
0.29575,-0.22022323003159752
0.29583333333333334,-0.18477757202505524
0.29591666666666666,-0.16026285105057492
0.296,-0.14997509899270653
0.2960833333333333,-0.14564458466136143
0.29616666666666663,-0.13515338261163481
0.29625,-0.13407213600759513
0.29633333333333334,-0.1248264108654118
0.29641666666666666,-0.14664358933743854
0.2965,-0.1467888212906808
0.2965833333333333,-0.14014641156012592
0.29666666666666663,-0.10767672988283042
0.29675,-0.09989150313495132
0.29683333333333334,-0.15296362263695223
0.29691666666666666,-0.1142864219343643
0.297,-0.11921998550314962
0.2970833333333333,-0.11702666800481842
0.29716666666666663,-0.12597150755530417
0.29725,-0.11440297432941218
0.29733333333333334,-0.12328608824105214
0.29741666666666666,-0.09575220626567002
0.2975,-0.08566008055633874
0.2975833333333333,-0.12731829310432616
0.29766666666666663,-0.11454587806618108
0.29775,-0.09190127026449127
0.29783333333333334,-0.07931518859046748
0.29791666666666666,-0.10269189181761307
0.298,-0.10880497539266962
0.2980833333333333,-0.08334313449193892
0.29816666666666664,-0.08301938644826258
0.29825,-0.036199091412935425
0.29833333333333334,-0.06235032892669246
0.29841666666666666,-0.0881856203693517
0.2985,-0.06503226440437956
0.2985833333333333,-0.05075474549784091
0.29866666666666664,-0.05144573313684153
0.29875,-0.09600081347109031
0.29883333333333334,-0.04446325979432099
0.29891666666666666,-0.0414063908903934
0.299,-0.055850505036251344
0.2990833333333333,-0.04578581958364902
0.29916666666666664,-0.03274791410464799
0.29925,-0.022365517426877514
0.29933333333333334,-0.044995619417726354
0.29941666666666666,-0.06669986454067241
0.2995,-0.01871789380237335
0.2995833333333333,-0.00414904328326989
0.29966666666666664,-0.01252964467709999
0.29975,-0.02355878078346912
0.29983333333333334,-0.021863823480775195
0.29991666666666666,-0.0177197025291863
0.3,-0.004342772422554781
0.3000833333333333,-0.0293662320638773
0.30016666666666664,0.023737729982063673
0.30025,-0.016905338151226017
0.30033333333333334,0.041698742656343366
0.30041666666666667,0.02644853731455112
0.3005,0.0026889872724465066
0.3005833333333333,0.02366317784840391
0.30066666666666664,0.024040193136653478
0.30075,0.037033443058244186
0.30083333333333334,0.05193520416755153
0.30091666666666667,0.025851475215121645
0.301,0.08531628100876912
0.3010833333333333,0.0741232379017138
0.30116666666666664,0.04281973413416258
0.30124999999999996,0.10877525507316882
0.30133333333333334,0.0684541803509463
0.30141666666666667,0.061976837427491396
0.3015,0.051880614651393715
0.3015833333333333,0.08784373042782573
0.30166666666666664,0.05874885365918261
0.30174999999999996,0.07867502011665682
0.30183333333333334,0.07005053717250459
0.30191666666666667,0.07097707278193283
0.302,0.10171564925071637
0.3020833333333333,0.10204442605292888
0.30216666666666664,0.08426622632095777
0.30224999999999996,0.09815353565444153
0.30233333333333334,0.07667657486928268
0.30241666666666667,0.10139984980087717
0.3025,0.11100679669586577
0.3025833333333333,0.13226962293417271
0.30266666666666664,0.09973054891211858
0.30274999999999996,0.1484480467694573
0.30283333333333334,0.08783226629037057
0.30291666666666667,0.13180386871634242
0.303,0.15875271052356793
0.3030833333333333,0.1299070670978795
0.30316666666666664,0.11527593904105413
0.30324999999999996,0.10409885232710389
0.30333333333333334,0.1307386286366649
0.30341666666666667,0.15012647639325302
0.3035,0.12173379987282244
0.3035833333333333,0.11589082617585998
0.30366666666666664,0.16341335241963104
0.30374999999999996,0.14409435182019162
0.30383333333333334,0.1305559835787019
0.30391666666666667,0.13979389505231563
0.304,0.14580115706406005
0.3040833333333333,0.14285411550586266
0.30416666666666664,0.16748732414880355
0.30424999999999996,0.1578632180443561
0.30433333333333334,0.17959293203725132
0.30441666666666667,0.17570356578173907
0.3045,0.14256824515340127
0.3045833333333333,0.19481005056406792
0.30466666666666664,0.15989110483765803
0.30474999999999997,0.153769193121446
0.30483333333333335,0.1485308311517869
0.30491666666666667,0.14742158216046972
0.305,0.17249897313932555
0.3050833333333333,0.2026880519467807
0.30516666666666664,0.1872036436935439
0.30524999999999997,0.18033822538997465
0.30533333333333335,0.17311419284328222
0.30541666666666667,0.18490928174761948
0.3055,0.14954515965765694
0.3055833333333333,0.17001233020703954
0.30566666666666664,0.195975379828018
0.30574999999999997,0.17711998342340182
0.30583333333333335,0.18252565851267613
0.30591666666666667,0.1637963701703115
0.306,0.19479635964129904
0.3060833333333333,0.2260932658231661
0.30616666666666664,0.15009313210705727
0.30624999999999997,0.18375433034254263
0.30633333333333335,0.16594782955802942
0.30641666666666667,0.16194062395129855
0.3065,0.18233726112157478
0.3065833333333333,0.19450305871103976
0.30666666666666664,0.18051899903890528
0.30674999999999997,0.1778418046157312
0.30683333333333335,0.18474333086333608
0.30691666666666667,0.16713418416084724
0.307,0.15140484750615857
0.3070833333333333,0.1698908137579387
0.30716666666666664,0.17810837132221113
0.30724999999999997,0.16137566120680136
0.30733333333333335,0.1408574279161518
0.30741666666666667,0.17457267155718703
0.3075,0.17560137288095956
0.3075833333333333,0.19446149815587777
0.30766666666666664,0.14624916005461144
0.30774999999999997,0.1752178753054811
0.30783333333333335,0.19538094581318569
0.30791666666666667,0.17447594797502447
0.308,0.17037102875844987
0.3080833333333333,0.17403184546171663
0.30816666666666664,0.18523540822024437
0.30824999999999997,0.17601626877306967
0.30833333333333335,0.14088040879678948
0.3084166666666667,0.1597068356371549
0.3085,0.11662487618097078
0.3085833333333333,0.1548473631348401
0.30866666666666664,0.15414398756311495
0.30874999999999997,0.13999571148066156
0.30883333333333335,0.1482152964461599
0.3089166666666667,0.13480229844943153
0.309,0.11149123279616671
0.3090833333333333,0.12429143020265353
0.30916666666666665,0.12107791248469398
0.30924999999999997,0.1399297758041257
0.30933333333333335,0.12128264563276507
0.3094166666666667,0.12950339048406684
0.3095,0.14008649933744013
0.3095833333333333,0.12869278425610697
0.30966666666666665,0.10500449210545434
0.30974999999999997,0.13342595181925823
0.30983333333333335,0.13739204930948137
0.3099166666666667,0.11533385504587662
0.31,0.11408046966110322
0.3100833333333333,0.05547428195947293
0.31016666666666665,0.11135429889082497
0.31024999999999997,0.11161927920042582
0.31033333333333335,0.10332328760745689
0.3104166666666667,0.07881549678961941
0.3105,0.10308805731458784
0.3105833333333333,0.08735769409405571
0.31066666666666665,0.09536668506531264
0.31074999999999997,0.06981363659210252
0.31083333333333335,0.109217914300068
0.3109166666666667,0.06120570935522467
0.311,0.08020979147659782
0.3110833333333333,0.09995317700406871
0.31116666666666665,0.06724303831967991
0.31124999999999997,0.09785216214329828
0.3113333333333333,0.07727104806846732
0.3114166666666667,0.07117521261272028
0.3115,0.06687640775965055
0.3115833333333333,0.07787425807873835
0.31166666666666665,0.08163851347731521
0.31174999999999997,0.0981531977467892
0.3118333333333333,0.0430919915730308
0.3119166666666667,0.07184183718496025
0.312,0.0361426631186463
0.3120833333333333,0.06627409411975393
0.31216666666666665,0.039521188966594775
0.31224999999999997,0.058054339799774125
0.3123333333333333,0.07024848612955355
0.3124166666666667,0.05362101171276805
0.3125,0.06677070736571868
0.3125833333333333,0.0321984946941485
0.31266666666666665,0.08363555870607726
0.31275,0.04965585307344677
0.3128333333333333,0.06735932304153489
0.3129166666666667,0.05848096186115592
0.313,0.04842301595681348
0.3130833333333333,0.05657313161456751
0.31316666666666665,0.05129334831750303
0.31325,0.01999287415550615
0.3133333333333333,0.03704634053707697
0.3134166666666667,0.024264357137515097
0.3135,0.036977072931566726
0.3135833333333333,0.0333559232609297
0.31366666666666665,0.01371857319617591
0.31375,0.0599160814292367
0.3138333333333333,0.021651635419846223
0.3139166666666667,0.05889318318921036
0.314,0.008650745197141471
0.3140833333333333,0.011197980674498828
0.31416666666666665,0.0546667354686872
0.31425,0.06310742606600664
0.3143333333333333,0.0016832382670309426
0.3144166666666667,0.0256838314018681
0.3145,0.03553453153502528
0.3145833333333333,0.00606990851214094
0.31466666666666665,0.03734725083197149
0.31475,0.023313460727429014
0.3148333333333333,0.015406000159949317
0.3149166666666667,0.0194219052648977
0.315,0.05396061848479961
0.3150833333333333,0.020872987426837214
0.31516666666666665,0.01396405140951136
0.31525,0.002778495958463299
0.3153333333333333,0.02406854843224852
0.3154166666666667,0.02043505529654261
0.3155,-0.025023339199433958
0.3155833333333333,0.023633377545258898
0.31566666666666665,-0.0021354852262156325
0.31575,0.02247842662310417
0.3158333333333333,-0.010179418714061389
0.3159166666666667,0.02398299886372838
0.316,-0.018663571104686437
0.3160833333333333,0.030449084816661483
0.31616666666666665,0.012557523277735077
0.31625,-0.016468101014255474
0.3163333333333333,0.014299752490872982
0.3164166666666667,0.026578742149796823
0.3165,0.0035843518483245178
0.3165833333333333,0.021775869658402166
0.31666666666666665,-0.0009078226096362765
0.31675,0.02579873993036108
0.3168333333333333,0.0019183332921429916
0.3169166666666667,-0.00644760447238686
0.317,0.008404806168786937
0.31708333333333333,0.021377622606379362
0.31716666666666665,-0.017460550190319127
0.31725,-0.0017950527255171243
0.3173333333333333,-0.0336207131650249
0.3174166666666667,-0.012265324118577649
0.3175,-0.030742445778003738
0.31758333333333333,0.021398067607572072
0.31766666666666665,0.022729341954539947
0.31775,-0.008783474582684091
0.3178333333333333,-0.02710617352015898
0.3179166666666667,-0.017555792765901964
0.318,-0.028480855331431465
0.31808333333333333,-0.02578013440570119
0.31816666666666665,0.009644982245665228
0.31825,-0.010801107371792112
0.3183333333333333,-0.027710694631906427
0.3184166666666667,-0.015605533220540889
0.3185,-0.01570313769875584
0.31858333333333333,-0.007916904886640349
0.31866666666666665,-0.004643332074602612
0.31875,0.0024834831561313664
0.3188333333333333,-0.0006215917714339665
0.3189166666666667,0.004587426752093057
0.319,-0.038157648336905436
0.31908333333333333,-0.006898681974737048
0.31916666666666665,-0.020461460865770963
0.31925,-0.01439166903769134
0.3193333333333333,-0.04001903059085687
0.3194166666666667,-0.037988557460743824
0.3195,-0.044000466349002086
0.31958333333333333,-0.011032982867658261
0.31966666666666665,-0.05016548923468569
0.31975,-0.026089962233863947
0.3198333333333333,-0.03368513183775697
0.3199166666666667,-0.08305533470896348
0.32,-0.02066839435278399
0.32008333333333333,-0.06989660169470827
0.32016666666666665,-0.01666921895477946
0.32025,-0.05667822774849463
0.3203333333333333,-0.04471615146201144
0.3204166666666667,-0.04653850912611314
0.3205,-0.06207310028993965
0.32058333333333333,-0.030357790684706325
0.32066666666666666,-0.054032959507461134
0.32075,-0.020188032168333654
0.3208333333333333,-0.059212770091875436
0.3209166666666667,-0.05265667261229836
0.321,-0.06853803555155365
0.32108333333333333,-0.05797691469674484
0.32116666666666666,-0.05517412688916046
0.32125,-0.05691314034127455
0.3213333333333333,-0.07488453252836401
0.32141666666666663,-0.044603552435241625
0.3215,-0.09892119969970288
0.32158333333333333,-0.0680622011176087
0.32166666666666666,-0.07000112773444742
0.32175,-0.07522427259881563
0.3218333333333333,-0.05830037995165463
0.32191666666666663,-0.10874514479967723
0.322,-0.07177466759839124
0.32208333333333333,-0.09316001745517395
0.32216666666666666,-0.07682339634496928
0.32225,-0.10816703720886182
0.3223333333333333,-0.09415365965730957
0.32241666666666663,-0.12487035044595235
0.3225,-0.12982287620246397
0.32258333333333333,-0.1380579253078455
0.32266666666666666,-0.06979215719614948
0.32275,-0.09210323114331362
0.3228333333333333,-0.10579074168922169
0.32291666666666663,-0.0619695900926473
0.323,-0.08051001304460227
0.32308333333333333,-0.14590904656890535
0.32316666666666666,-0.1004129316530415
0.32325,-0.11944531801318457
0.3233333333333333,-0.10386216525589913
0.32341666666666663,-0.12124315580009859
0.3235,-0.09209535073237089
0.32358333333333333,-0.11255111957449125
0.32366666666666666,-0.12743777080518445
0.32375,-0.13690047819058862
0.3238333333333333,-0.16247801378449897
0.32391666666666663,-0.10118698499840051
0.324,-0.13465582324659847
0.32408333333333333,-0.12300821516784581
0.32416666666666666,-0.11217389962542931
0.32425,-0.1651262597199873
0.3243333333333333,-0.10970791568974897
0.32441666666666663,-0.1517808601310549
0.3245,-0.16863113491344128
0.32458333333333333,-0.12800171713670203
0.32466666666666666,-0.13742015954442383
0.32475,-0.09455459088437447
0.3248333333333333,-0.1494809425361574
0.32491666666666663,-0.1167847166649418
0.325,-0.14886355566256806
0.32508333333333334,-0.17646796348586907
0.32516666666666666,-0.128870907631338
0.32525,-0.17245948079885384
0.3253333333333333,-0.15709250091280882
0.32541666666666663,-0.16211026157602665
0.3255,-0.15134146792359168
0.32558333333333334,-0.16547408734180616
0.32566666666666666,-0.1745269143718955
0.32575,-0.16943328376065991
0.3258333333333333,-0.1440179981208317
0.32591666666666663,-0.14694084193900941
0.326,-0.17463978677051678
0.32608333333333334,-0.14533315284227866
0.32616666666666666,-0.1865191458552013
0.32625,-0.17407902187630153
0.3263333333333333,-0.20767598396844583
0.32641666666666663,-0.20594890200461544
0.3265,-0.15438757023773036
0.32658333333333334,-0.17129333601506644
0.32666666666666666,-0.1714024771981801
0.32675,-0.15339672395540543
0.3268333333333333,-0.1695209139436978
0.32691666666666663,-0.19995061358550173
0.327,-0.16927884435828053
0.32708333333333334,-0.1776200188734697
0.32716666666666666,-0.12807227147809944
0.32725,-0.17138902201080916
0.3273333333333333,-0.19328864585828087
0.32741666666666663,-0.14087055053252787
0.3275,-0.19246669636892338
0.32758333333333334,-0.1881638769164314
0.32766666666666666,-0.1839404651444376
0.32775,-0.13498010060353677
0.3278333333333333,-0.1867519296199059
0.32791666666666663,-0.18928541277740837
0.328,-0.18102638216570843
0.32808333333333334,-0.16311441325532594
0.32816666666666666,-0.12533665456945187
0.32825,-0.16516242949946403
0.3283333333333333,-0.14303382719620375
0.32841666666666663,-0.17687738174765014
0.3285,-0.17501531848712581
0.32858333333333334,-0.16617403996200608
0.32866666666666666,-0.1633975632918196
0.32875,-0.16908356915924225
0.3288333333333333,-0.14450467311643372
0.32891666666666663,-0.11857287485461923
0.329,-0.14420999255831687
0.32908333333333334,-0.17314802707402363
0.32916666666666666,-0.15249025910934141
0.32925,-0.1958019813922412
0.3293333333333333,-0.14156336121440982
0.32941666666666664,-0.1472940840928352
0.3295,-0.144304535761367
0.32958333333333334,-0.12370285911817581
0.32966666666666666,-0.11315960160625499
0.32975,-0.15299700124679388
0.3298333333333333,-0.12314368594206765
0.32991666666666664,-0.14723823042723627
0.33,-0.1740535948437852
0.33008333333333334,-0.11484146307517218
0.33016666666666666,-0.15585871052661648
0.33025,-0.1396230409576437
0.3303333333333333,-0.12889113615659956
0.33041666666666664,-0.14398923177563647
0.3305,-0.09757738763491038
0.33058333333333334,-0.10690150459308785
0.33066666666666666,-0.08880678200687352
0.33075,-0.107389955222726
0.3308333333333333,-0.12783494441588425
0.33091666666666664,-0.06832832995177232
0.331,-0.11726861609349445
0.33108333333333334,-0.0903192592388944
0.33116666666666666,-0.06916334476720692
0.33125,-0.12294010083596715
0.3313333333333333,-0.11381153050778187
0.33141666666666664,-0.052600805674128275
0.33149999999999996,-0.09813303721226857
0.33158333333333334,-0.08417364621390856
0.33166666666666667,-0.11603151870091856
0.33175,-0.06264208515916567
0.3318333333333333,-0.07421072973631959
0.33191666666666664,-0.05565011556082712
0.33199999999999996,-0.05576541234831136
0.33208333333333334,-0.01279771733038497
0.33216666666666667,-0.0665329050935288
0.33225,-0.08989492021039525
0.3323333333333333,-0.039728208355948744
0.33241666666666664,-0.018096968350059715
0.33249999999999996,-0.03614787141131277
0.33258333333333334,-0.05432076585390483
0.33266666666666667,-0.0005027991694729304
0.33275,-0.057655199934585864
0.3328333333333333,-0.021253244408724323
0.33291666666666664,-0.04006675941661089
0.33299999999999996,-0.022548862065253583
0.33308333333333334,-0.04246417868165458
0.33316666666666667,-0.018443421299987325
0.33325,-0.04164843243599071
0.3333333333333333,-0.011563631407399872
0.33341666666666664,0.02701120228755039
0.33349999999999996,0.04119096504903718
0.33358333333333334,0.029697257020826748
0.33366666666666667,-0.0023060865459362465
0.33375,0.03194522949563128
0.3338333333333333,-0.012508963149695004
0.33391666666666664,0.02382409378048537
0.33399999999999996,0.001869408483816861
0.33408333333333334,0.0037971223339369822
0.33416666666666667,-0.008149875518336971
0.33425,0.011757652371967641
0.3343333333333333,0.05156952565766747
0.33441666666666664,0.03994939438518254
0.33449999999999996,0.06454825033865207
0.33458333333333334,0.062100132890137494
0.33466666666666667,0.08651444636430125
0.33475,0.0489235196415021
0.3348333333333333,0.059145474477278324
0.33491666666666664,0.08160653021687048
0.33499999999999996,0.10196128680833097
0.33508333333333334,0.09670522916360808
0.33516666666666667,0.08077859819257673
0.33525,0.07746250886959462
0.3353333333333333,0.11239389760416815
0.33541666666666664,0.06680868754947704
0.33549999999999996,0.10676918807925379
0.33558333333333334,0.13216801134714057
0.33566666666666667,0.08428570150721923
0.33575,0.13538498252076744
0.3358333333333333,0.08611597576248078
0.33591666666666664,0.08747381566610862
0.33599999999999997,0.12130710874128021
0.33608333333333335,0.0782343588205342
0.33616666666666667,0.1261151674917312
0.33625,0.1242908014114495
0.3363333333333333,0.07673233210486513
0.33641666666666664,0.13542017054256036
0.33649999999999997,0.17643312353872043
0.33658333333333335,0.14834767375383826
0.33666666666666667,0.12850179502794348
0.33675,0.12293118460923806
0.3368333333333333,0.10217799749468284
0.33691666666666664,0.15703558036710194
0.33699999999999997,0.1381313936265737
0.33708333333333335,0.13878769479777442
0.33716666666666667,0.17854369189060507
0.33725,0.173108053835335
0.3373333333333333,0.12643234496137712
0.33741666666666664,0.14729222757329025
0.33749999999999997,0.13120026365663304
0.33758333333333335,0.216697842277959
0.33766666666666667,0.16318907013165634
0.33775,0.17713568696005685
0.3378333333333333,0.15176215012378239
0.33791666666666664,0.171212062708033
0.33799999999999997,0.14575347390066004
0.33808333333333335,0.17700010402706684
0.33816666666666667,0.16741744756968902
0.33825,0.17293401791375312
0.3383333333333333,0.1380351734650488
0.33841666666666664,0.17750242023808296
0.33849999999999997,0.1740242255004038
0.33858333333333335,0.1817926388983049
0.33866666666666667,0.1784720480166984
0.33875,0.1866385692815345
0.3388333333333333,0.1608791198760655
0.33891666666666664,0.174003993567423
0.33899999999999997,0.1989825360038145
0.33908333333333335,0.15901593401417902
0.33916666666666667,0.16770214966589173
0.33925,0.1892199029393886
0.3393333333333333,0.1316509565130974
0.33941666666666664,0.2059015654268362
0.33949999999999997,0.1639893790331961
0.33958333333333335,0.170528296222652
0.3396666666666667,0.1654887090146386
0.33975,0.21064806347430887
0.3398333333333333,0.14245005820684814
0.33991666666666664,0.15924112033777016
0.33999999999999997,0.1417301354216574
0.34008333333333335,0.17928739032116098
0.3401666666666667,0.1931144934297233
0.34025,0.1670099660465569
0.3403333333333333,0.15743015310416866
0.34041666666666665,0.17572437887647388
0.34049999999999997,0.1566875604328165
0.34058333333333335,0.1640096168222241
0.3406666666666667,0.1924344417207427
0.34075,0.16164915437975008
0.3408333333333333,0.12990196232714152
0.34091666666666665,0.16638287232765916
0.34099999999999997,0.17663768812850722
0.34108333333333335,0.163615347018806
0.3411666666666667,0.1632642396149544
0.34125,0.17879514533396593
